video_id,target_day30_views
7400582591771938090,227.66743617667058
7403167206978374958,384.0402529549914
7435124823820356906,2334.379337001343
7409800970143714606,300.6204541037333
7410935177553333550,275.56412327318094
7432809888033656095,1813.8138628906077
7405432909278022955,49905.87221429312
7384996099955756331,346.378399350294
7421705386400517406,149620.04718669
7414296612047965470,576.9066336899906
7405005636637084974,1301.8890697400975
7395033235912265002,70.81040289999198
7406526842401754398,210.6907508639986
7402767039548362027,1993.3116466517777
7387202628826008874,351.4507800417326
7435131105532988718,9230.441678865469
7396537190651677983,995.0972664239998
7415091981367479595,307.79887008092453
7412051047176359211,19158.80434370469
7402406665280048415,907.1598235839015
7405803040613141803,6086.604375213631
7407214747952663850,17.325915687121245
7422061083000589614,363.43418184635186
7409483348420365614,604.968399117017
7399134846527868190,3977.1477799585064
7398308009585200427,1337.73933826861
7387968848881880366,1884.3516743399312
7392787323831864619,824.5011237116208
7425026165921844523,712.0111046161148
7392370893202279723,161.91318601699243
7426170246320426286,14572.358532213759
7418401395553864967,1643.2831471345305
7385679521246121223,256.19176468668945
7395342453454458158,4756.306693582665
7433936792929209642,1895.2611503865185
7418353610259500334,856.8151306035704
7386109379944271146,1550.3873664783337
7428787675060194606,1386.379266633672
7407207575680208174,1447.0312176811326
7393145639640501535,455.10772993710316
7425088749089885471,455.977171715405
7435474047145659678,2866.4429627823924
7402046304215371051,340.01140471190683
7434382150364826910,2955.6952035859454
7426899228078722334,270.2703156112228
7423959756324310314,1608.5630296030479
7399096884222102826,175450.71827345106
7401682493629271342,628.4679911132768
7418739347882560811,52584.88988379649
7400612253604613422,149.93798732319698
7410551298208320814,345.2080286024702
7422834143098096927,2698.629811970101
7420976675564834079,281.9473742696091
7426577071427767598,54.516779093287184
7410943285612563755,2221.993297283786
7416901150449929502,606.2820534832518
7428366024162004255,3553.8220047216896
7418358321180134687,343.81660962531623
7390964003364670750,755.1139559580863
7387204071054200106,31503.99321369241
7386453463162572062,6283.903201944626
7435057046040431915,8920.565677735498
7411363294361013546,527.3943605690699
7406460963798437166,359.47058871805564
7394633431608528171,381.7593662109824
7399101881882119454,271.6917100308775
7417674637351472426,760.1371929163857
7394640227144568110,2321.5609552807837
7414995501646646574,1044.004004817249
7411672167026527534,506.77421441773015
7405433554634722606,669.566173551365
7423902517496466718,779.3159316967312
7415749879533833518,329.6612397567952
7399810513766468907,88543.55006450189
7400238529617399070,758.4522213299139
7421350699532832031,13558.755628356706
7402078657465928991,2.9145779717429647
7392808673279528222,15287.243252394936
7415404124210056490,537.6339044854589
7424703674397642030,14983.452318241474
7419489999558659359,124400.88471130111
7387182041995119918,46639.62171924354
7395049091043986730,409.89883027216536
7405754593310788906,3264.038859373726
7386835238007196958,217.44498024180993
7428371782471748910,569.9857600469197
7410622195556240683,277.881196230421
7409867497534426398,369.8360382898495
7404237097919368490,203.6324256320578
7433974466306247943,330.10561116337544
7428754759886097707,859.1056369177138
7429095385358175534,40947.91590601097
7434774989301239071,5838.581849948132
7432845982120807722,9085.866781219684
7420586737040133419,856.1300018257067
7386805031988759839,493.3364078198731
7399860960682593582,10992.340155564749
7399415688378600735,2193.4980205415904
7412400413778939167,576.5244522961693
7398299355205225771,17193.600256767888
7391627587631467818,496.1374553606746
7417607977567374635,347.90078628349636
7402396772443737387,8291.513495668672
7402042601689386270,288.3924235003933
7403118620764622110,22948.90826404135
7428081974922824990,311.72507637704814
7405416980687129886,242.25002757565372
7422057833253883179,310568.6859255739
7419135592329415978,392.7244785785713
7424004112133475614,305.4439574092138
7385784706400324906,278.5115512580653
7401295918844185887,25651.69124899367
7390515745320373546,5784.370769603154
7418740691058216238,3456.9228029648057
7416905632097357086,144.98065219575201
7429465720859233566,1328.2546695232545
7386422957406506283,364.6923057706832
7406513564241988895,895.5373936849955
7400537117132148011,216.00583807300026
7429514662275861791,687.7274276530457
7413606141797715230,1844.612159539597
7415747895900556586,4479.828807516378
7433258385459514667,12152.891000311814
7417597951901568298,1274.1314702261361
7419101882007883054,2626.2175835742883
7390556921536793902,17322.403547708156
7386834163959221534,479.17978439286173
7403170967855303979,767.4933282999224
7405750922518744363,110651.88705735726
7395354004898827551,758.6498437263276
7386810389679476014,619.3365000606004
7418032489047936286,1363.0608867300052
7429183279326137631,3893.780608571595
7433298495043456302,19.86158269625959
7407610179648261406,389.6164191688698
7425044410687081771,408.59469855200746
7429508392458177835,721.193643773007
7384593247043210539,19341.77869316943
7403119942674992426,2917.415974465766
7396524940805131550,446.0045388334339
7395003414947597610,140.88200950716333
7399125064660176158,1986.7363812837616
7418707411667520810,11386.167728252998
7402014296873372934,744.2561877833415
7429551240448707871,537.0923940826872
7405075980164877614,14166.099597494698
7434755987778719006,173.81348804795786
7404603897848794410,785.5939937412292
7427305005612272926,0.0
7407617294114917678,444.909342483399
7384597663850712366,770.1684701853188
7387184300464098591,1039.3495559699516
7422835664300854558,12654.810014171073
7403571035041172766,64925.60416654696
7427704270004243755,68.77001449308365
7392013834191424811,496.41127196291734
7385388623253867807,265.1011600461791
7403157322547137835,769.4559301036574
7435126104500784427,431.83889858219254
7402410113312492830,165.33091835835444
7428442114956004651,336.57685725110764
7398018597068573994,518.3041668876442
7420195608205511979,32647.05495768567
7400568447739956510,1974.0019570347704
7393500623703919902,2336.9282213552674
7384197193470676266,5952.451016342939
7425819627881631007,0.0
7391988856859413803,221.13613332483865
7394959859441028383,586.0853771419435
7392389808795946270,1354.0620488726063
7408689871612546346,746.9635923056776
7426534462911089966,609.0098097957814
7405760048045018398,523.3700908113831
7429487386511314219,1218.4236060140397
7400903317452377386,390.52462433631945
7395349807084260654,586.7122264461262
7386427295763811614,298.8183077867815
7429142783031610667,38433.63099824817
7389824480929041710,434.3349355492279
7384994809880137002,484.6290463448547
7399799011646967082,559.8615655039106
7427255125485309215,741.6560174925783
7426146829030477099,309.0296006115394
7435085768453868843,424.0583126922254
7385708038809816366,2578.4052587649626
7423174539900865838,298.6276569349553
7412028030144564510,1002.6657590142772
7428790097413213482,2964.801363643934
7402453012570049822,0.0
7392401531842153774,235.89983093731698
7404605429533281582,1284.6971592725959
7400968131398651179,247.0218490837191
7429536498334125342,737.4244137171532
7390528032202657054,1320.2376978477257
7400190911205887263,388.2251981220038
7433605080915447070,332.3617167190523
7425421366616247595,1005697.3892365881
7385708418293665066,283.1304826147989
7423179464898579758,389.7249509434415
7388354128382151982,274.0771039669361
7385042701953027374,15896.767427737119
7392038251499900191,2621.5279870225754
7420996934216830251,3851.857280837375
7429188930160839978,1782.9542387996414
7391620705374276906,186.18841387226848
7408701167305379115,1563.3028000167626
7394227723796761898,648.7314049910999
7387939062126021930,745.1248158482373
7432881873254239531,6233.953436910523
7422145468760673567,1254.556672939557
7400936062324968747,1683.4080232505073
7434347745135037739,376.1319800370276
7397256243208834346,13073.81309779766
7406532297777876254,355.78318327328475
7393131409604414751,336.3741766362235
7410616747654532394,1750.0525508082735
7424655538329242911,1614.3305064363792
7435118899743477022,306.60397388747333
7386443898270256426,1872.0990914258418
7400537701524557099,406.23277035120077
7387941161249328430,365.9723119879627
7390180777595571487,691.1842842146636
7405078626628013342,595.703301037786
7426529114862963998,12111.06662876654
7386820472593370414,546.3451545073011
7434681648970714411,717.1088073472005
7389027260826684702,329.15905558674046
7428767632909962542,717.315138676285
7392397597501148459,58525.45021534611
7408016031983144238,1180.9184732950814
7420970955939400991,81831.03036090659
7413938820191636779,465.45642141118196
7418008443040058655,329.5058074590146
7392392274816159018,915.2708430935121
7423180516393897247,288.31989304597835
7395005246159752491,983.176894419973
7416917268908674350,146.4673636104378
7387975451173522731,392.48922743518847
7429525800497499422,243.16078384459288
7425069066311699754,1016.1531231159306
7411331198053584158,9261.020778716656
7420204643348811054,352.9843260028647
7402756653801590046,542758.5434123813
7422852768647482666,858.5418874730589
7428727887777303850,340.1513414255036
7410199291588807979,3654.5409702642764
7394968268567481631,779.7111764895587
7410956772648799534,367.09186271845897
7406546018109558046,16.42059150497426
7422078732065672491,764.0151262144981
7417294048228134187,184978.43029151348
7409852350698966315,366759.1424592521
7394960086201863470,362.9133702369734
7400913972762840362,235.33570762434024
7412049352065076522,391.7718620948124
7405033536081628459,425.38159966580827
7411005232026553631,903.1372692220436
7385030378458795294,120.88467912244366
7399809501030829354,306.35209659990085
7398747883777936683,456.4851618405737
7407965474635664686,1062.4301116364918
7432907264069078303,305.17829097824585
7413508837736549674,74376.83587380328
7428031998515481887,0.0
7420235476117867806,586.9016677239705
7429495899027655982,46542.791388271835
7413598688884297006,292.6165018427023
7399490260452855082,688.6112303733527
7417647768728046879,510.5113972888396
7414334985060109611,552.9104614663289
7392762322667769118,20729.233840539273
7394623624965000494,7060.980280717713
7400595520424578346,439.7184936006545
7407608564271025454,1626.3718846959878
7427656492729371946,962.6554584606096
7427994394915065119,12484.263534050893
7411689535488199979,518.5853818423451
7384957309576809759,324.6498566235201
7390177484827790622,261.35841313475214
7419844303398178090,347.7409465798312
7405036418600275246,333.93864036054526
7397198664294288670,71.17474857564147
7434712238608567598,1254.6475889184992
7394959055652932906,382.57087143663034
7400532286430645546,398.6822014481122
7410175337646132522,287.08184804974917
7395046297935367466,14453.120296580882
7392751274820750622,15587.518047824444
7395414429183003934,272.9496580171751
7418004597601586474,385.67149746440566
7399428049315401002,567.6472755891108
7403136001821936939,316.6950920801369
7385339319537634606,789.486222004584
7398696636412628266,318.0815847923458
7422081620112346411,16214.678170284029
7395756149515111723,275.3471037085459
7415445913704926506,341.38577969204084
7400254248883096874,85709.64097159155
7429540747432561963,923.7783300071459
7389764738965589279,1.5407967824728033
7420592303825227051,36923.65710561538
7389403396215721259,879.8746926223719
7409145825797901599,388.7254559287279
7423212846521027883,473.1524690759305
7420261050337217838,312.9442740114115
7394610117183917342,10218.61411966319
7433954474235940126,299771.89424859657
7421378987148037406,349.415075984973
7384575308319509802,673.1889747082804
7425417968772861215,15121.889974328702
7415448300322655531,1218.8487912199002
7394304560434597166,880.0997833443054
7398700283506838830,376.2387084467533
7412041491641584927,425.78071509537824
7426883927329000735,3082.284842185527
7403497455452491050,596.3603065953711
7395801216229330206,318.2560713373209
7394612767757471006,1642.4968319950044
7414994317258919198,315210.9603297976
7415397552939420971,845.0833992011951
7395352300631411998,262.5750246381582
7419834661708238123,861.7017826259549
7422813374213262635,739.2519301404334
7389091579316981038,9766.630993725625
7389486626503757098,515.7131062629953
7387933753944870175,149.73005951459504
7396163828511395118,387.9413001122881
7420608648449248543,5449.679468666701
7392766090905931051,14157.123191736602
7418431055541128490,298.7609080032694
7423219891802492190,124.35134422944338
7433964421753474346,147421.41505961402
7407995977350630687,371.15121012162547
7421773158308384042,1420.0513082608707
7413919495514869022,386.57607390990927
7392057702962253087,6058.333604357546
7401697666700299563,228.48262306381363
7429507538544086315,1824.0847017847505
7387967752755105067,595.8442493950769
7398334195405294891,864.5666647257141
7423231507571002666,2318.977697033515
7389097864774831403,1635.2881986605157
7405070388075482411,7037.514354780489
7427635514955681067,320.7166347983007
7388293919039048991,42.17978582533168
7426181853121383722,2892.304069208802
7421392218679774506,413.8236820035679
7410985484731665710,448.5940208886466
7423608542239804702,3635.0647642533622
7398339831627091243,358.2172151206356
7427294163944721707,342.7356553009747
7411295476340886826,6458.633192862426
7404240406524775711,475.6665616836798
7429495389381791019,316.75636250039156
7433941383028804894,115449.9331290452
7388302551424273695,1430.7023671560364
7397213980906802462,445.45821620916115
7426925064852950314,716.0876279698266
7387628532383452458,80.55072264560506
7409060904953859374,13874.087062307066
7401642893900893445,382.8839531676948
7385340393581448494,720.2206714168818
7426872690381737247,351.81916333711786
7398712566375075115,1241.7156391971516
7398007148438883627,1009.1970618661092
7426929611105193262,427.1156139791889
7389395496760036650,2260.771464675436
7428030705935994154,75033.95264934289
7409116690690198814,3576.3118134104343
7427247033351720238,558.3110105752264
7416891123186126110,367.6495203086952
7421360713245101358,452.3293564104017
7400575083112172831,7164.157641443152
7395742464155487534,22517.116347328832
7422075915041131822,2667.705508659476
7402473512465698078,348.40416290814653
7413527230707420447,1480.657361473776
7407630574699040043,1546.521352982008
7418407464669908245,280.6531830483583
7398349927606127915,887.6791971298888
7393879715712421163,651.4403709634855
7415365949727067423,96797.44761510516
7403932720469904671,324.90056832161906
7384290945795132702,1260.898389522806
7424661727138155807,422.80339963701
7415441162653207850,752.3656678351568
7408375049180286250,1902.8659741807658
7397586988041358638,412.2725023367251
7386445772125998379,230521.18560466694
7424270636438113567,1183.497399068269
7402393875828051231,144886.3775023682
7434334299891027243,395.6110890254989
7415816225286049055,911.064455478636
7411661711326973226,744.441054672308
7422051463226002730,1927.451846709061
7417322506526281002,57.04488076697413
7395777305232035115,307.6616164223425
7407235816231079211,288.6058803198449
7385700400219032878,556.0890500353114
7414667383672999210,1770.0202437986518
7425107228211809579,18521.472844361757
7386847268080454955,2597.8923509417154
7391290658176175403,4202.149537541646
7397987724830969134,1293.5557525248391
7423623992394779935,1314.0783630287167
7385745527989603630,2134.4528146323437
7423217345629392158,288.79560749699397
7400524197547592990,1523.3878619595623
7424282716209810734,969.4570941834769
7416154005153271082,0.0
7398335505793813803,483.67852808028726
7386435551223631135,300.3513568811071
7385374732767759662,93877.80578980298
7389826284668505390,21822.881999611334
7411752599377988895,285.82953008053164
7396134872953195819,367.86704569517735
7412055821032541486,228.62440712676485
7413896742053170463,5701.644685463946
7387198951574916398,1166.1193551160966
7388701496424107295,223.69719730542718
7388296821514423598,386.9318955459622
7434736587876912415,1784.3820199280603
7433607368463617326,420.1206924161621
7410549670939741482,749.1551644231292
7425054744852417838,57452.22676621719
7384620730752814378,128874.7091130148
7416869876393872682,560.825433066789
7398766701501877547,837.2976891159949
7429541108167773482,534.280891266091
7390156670422371614,329.4939756262446
7419485885177007406,325.7806453959224
7385372761553751338,676.9690294379037
7385758657138543914,127609.68132005441
7396915871408606494,344.7291081552063
7384205914791841054,1379.922407562372
7386438802920705310,285.89999326304996
7427989116983233835,408.76478664613876
7426570865447587118,518.5378875282723
7395326241865420078,60377.63475369031
7423911282526489861,431.88750146401696
7395018022962318638,1085.3872467723536
7398342470494457118,798.7756215247272
7433596551739575582,504.5149240673645
7384193851700956447,3441.374219709325
7410947420382563627,1153.8320993721445
7387193752521035039,258.75749510734545
7400952784071298347,491.2742690735421
7394614531265154346,1187.4530310005377
7434736299304553758,660.2645243456216
7402392058461310239,271.69025854209906
7393934196844039466,13505.840344667538
7387608580414803243,2048.879851094541
7391333019010829599,538.4456165964353
7387257706450619678,289.67896141717597
7388359966370893087,2400.1793310497974
7384993289147059487,1126.5932751429598
7421404759460023595,1414.6196311572123
7426524693139803438,115004.36907948618
7400569448421264670,1881.138636945801
7421691490625178922,783.5962751803736
7421326589612346654,364.9175944229047
7415019093507558698,18293.58243513422
7401330867563531563,846.5531985723863
7394988969085177130,623.03114991205
7418041399553166622,8245.746507523454
7420210658639203627,33654.39854585386
7432838520198270239,1600.6236376453637
7433619569496837407,318.83668475878903
7435496840549764383,184.8036276008481
7384261918338469163,283.5402642876652
7423923595925114158,1020.8031075356216
7428010528275959071,2112.7735964496105
7413163917121211694,332.6307479649158
7404306277976788267,1401.778773352841
7384568214904196398,225.5324460471518
7400931668975996206,58303.789890019405
7415035847717915950,310.2888021563275
7413935453918727455,222.83874269919434
7391290115735227691,5027.576211894634
7384600223508663583,203104.00148926914
7391339380658523438,5915.255257619122
7403132688502131999,352.94841265172465
7418710881573309739,409.8244744606502
7389083608171957550,1156.3582217429516
7420581229101206827,16901.460536291932
7399788370420862251,39004.69021580112
7388726083849571630,168.05747813411543
7385685044993608991,101.27588181084158
7402418576382102827,2058.9833688364115
7400589294718536990,8024.338314436333
7386843181629033774,1198.1326179315986
7401295239098469675,92.86689820385561
7397243510618852639,312.70155445663477
7423919094379973930,672.3377734637669
7413153773347966239,346.60912417148063
7391620637254520106,195.249093948532
7403548894824516907,340.53466641654416
7409487330949467423,9037.399514042496
7411312786732797230,463.8121664423105
7405430892191157546,263.95683300021847
7386099410272488750,142.69132042612296
7413143559324437791,3256.6099646581915
7413925155686124843,280.28746081573354
7416917118949657886,311.2934213662742
7403181042359717163,315.42078185670016
7429459156748307758,1807.9201814653532
7426873679767850286,1231.7690850465115
7425766248954252587,0.0
7404999414785363231,985.6614294380515
7393100378729925931,870.9606479422013
7391248175408958763,323.19886062968635
7406098033580051755,718.6068007883006
7407948888268623147,116501.62538985454
7418348844762598698,294.6858011088683
7425059684563897646,947.0839104188568
7392399378205560110,22721.90082182846
7412116772750511406,414.9865265275811
7413584649181531422,301.2620471732836
7434719154583702827,862.1640948391104
7384668972089740552,168.72898066940388
7403546718022765870,1459.8478620136088
7414266674393746719,411.16157256988276
7411292592937372974,469.1791333790153
7424318469522459950,245.98385458690834
7394316887674375466,27127.994120597996
7426889469862759710,263.86245528232325
7407995827823594782,275.42374671449977
7433291010924629294,2392.553988482364
7395755756827512107,299.22072205448444
7426938990869171498,417.63340836630596
7407961383704284459,358.09368462868633
7415762833620667690,23690.67702045161
7415765026927037727,14559.864228351373
7390884805698686239,247.673673424349
7389035149775654175,794.5070047854514
7415801296726330667,39891.86338673901
7405422873508203818,26597.085088163458
7388743114581773614,749.393212664971
7404245465140645162,357.1232193895421
7388283704508042539,1981.5273757540726
7390181099835591966,315.364024721428
7422891211985259807,470.3994966028523
7433252033542589739,1335.979900909352
7387181363352341791,971.4484268262628
7406549649789603102,433.4742336508916
7433976974416153898,893.0010889004848
7400563587405597995,749.5993680560217
7390534465770097950,2061.556576623502
7412067333780426026,293.6708015549301
7433635785645051179,1376.0255169411228
7402382030673055022,1502.4786936032738
7429095146538536234,36543.932649199625
7384603756479941930,1248.7967264122094
7415058600189545771,514.3740239780154
7399800966586912030,630.5368415793178
7418339401505213738,1745.92906095459
7427670441776516395,1554.3126710920342
7415838639428554026,679.9705714053811
7415094777110154538,358.2015566356315
7414688650421701919,612.6691091396601
7416119166949723423,0.0
7425776657769729310,0.0
7403547370861923614,7851.425248630321
7403165429197278494,298.6189699945387
7397964768516115742,122.6887697128073
7402033494806777131,647.6981738584141
7384663720175242542,283.7066796753419
7425019239548865822,572.6060972348021
7394316065599180062,159.88085573016892
7399413726488628510,354.1880410902578
7403584029187984671,1773.7910528264624
7390905975344991531,254.68818521301753
7392402919578012959,361.141155378014
7405814428379270442,482.3638710253989
7428367426028342571,1293.2187212289298
7398316817531325726,18344.081856660196
7427648909754862891,497.7237827319327
7415081871450656031,29609.041487700204
7384277925463510318,2207.662240251348
7408751367034047790,460.2253356582571
7432869346449362219,19655.75079484154
7403497795463777578,296.6845712157533
7392764616062962990,380.35921630890346
7400556163554692382,1888.7521476804648
7402789043211128107,314.020662901916
7395337594881477931,65.0609817073747
7395420708467232031,211.69649167891046
7403593622861516078,266.8930978750002
7393946839004794155,359.96695389578304
7414311119189462318,1347.158786942992
7387196035103214878,337.7622088062277
7428793083506052382,2074.135836563936
7419150148187589919,952.2551552480513
7417273060002123050,381.47012408349156
7385743995181321515,340.1462172302705
7397223426856979754,7.050590373117679
7422079637863320862,290.92925609900533
7413917731592097070,0.0
7426531577808801070,278.8455256306381
7427274662163533102,323.6502736397897
7392066331648068894,94.07206478002715
7402383238905302314,4106.686552983761
7427276776709098794,13430.2048044127
7398712029931932970,1259.8004482231665
7399448619532733702,12006.443009336965
7433233099690986783,747.0677696139139
7402797592943283498,8616.735870231618
7406505388834622766,554.4119867053179
7396821962171059502,881.7223759427709
7402043768297278750,378.71222534546814
7384194754822655278,361.06660163621086
7386432036367650054,1059.8064756104766
7426514326036548906,154980.49716116657
7415079821300075819,1314.06404607122
7408699443857411358,321.7425514653721
7398686249046871338,456.3855809134692
7398372832620612894,55766.6708497986
7403915084398873898,325.51783387582987
7433988853066714411,438.3171341245935
7384970458115902762,717.2324038159123
7410185562734300446,2037.5045261640428
7423200412074806533,431.8541612066207
7412404598570339614,2521.7037714700296
7401298171319667999,288.8663125943086
7390185779521146142,401.89599553392657
7408686969724669214,315844.4193279292
7425023634210688298,506.6972415279629
7391642926847167775,4070.351223296189
7420246646199471402,13586.045795544453
7429101009680551198,4534.8231859798825
7384200334689848622,340.09871396115705
7403871159160245535,1401.5764535690648
7402826894904790302,201.54245364692576
7410591861070662958,20102.316855487294
7427284374707637534,287.5056827730616
7393187470420004127,256.0247994926573
7414659951009844511,673.280132602019
7405357237851409706,356.30258737839324
7413539903545281822,879.4652717806135
7386892633957879083,329.771069074366
7413896132264201515,888.3384369423635
7414707552899845418,921.0812357698657
7395786015950081322,935593.7243214463
7394262789302373675,1139.506870287075
7402806057942142250,630.5730758592304
7400960437375831304,144.13936945789135
7426930983737363743,776.4398555395746
7420278984786611474,177.3424792034148
7405761825146473758,312.9252946960204
7400895229508750635,336.0171722913102
7415086687988043051,351.6256314999889
7391688475646397726,625.2837855644278
7411698892447829279,22.401934055546633
7406532633108303146,637.1485171652802
7423973132949720366,868.3614453106237
7393108657082322206,3075.666590915553
7386852423345720607,426.92428136748185
7396884785802530091,296.1958153579858
7385369497231822123,1467.7569046604704
7391256241835609387,328.47940696235025
7409512035186265387,1407.5993174956031
7411354476956683551,474.35548041118864
7386147782194728222,387.29407702565766
7396904852934413614,807.5515108638928
7405055879369837870,426.1256416105522
7386072032674434346,1573.6871189426765
7426872257114279211,2264.6686192037364
7409144043441098014,41.58894192347866
7409129417882029355,1409.7427966352502
7398297302575664427,3426.9840165502515
7403896836743875870,284.9691580660086
7407986364484046110,693.8541259667933
7391694498314702123,1014.1363283156263
7398304513272073503,30710.867636778145
7425770443891641606,0.0
7402067709434940702,0.0
7387987928510680362,420.01713984608443
7421008504464346398,297.3461992288974
7389417793797541150,91324.92751964291
7399831042762411310,283.4157441442761
7426158329686281515,990.2861667498989
7408728957299756331,391.81703418497864
7405411562145697070,93213.01713121313
7407576457066892590,81227.89819356018
7418749866572008735,3317.4309701638354
7429517796658253087,360.607007507538
7416865995186326814,122093.5366420483
7397287435429793055,34147.88448563272
7400176270518127902,3476.1397422907303
7391719892745145646,1059.6055983604383
7399487779408825642,395.69127278438214
7404638377221311775,1717.076414163506
7404673995636755742,536.6466591563454
7412042402925415711,554.482141996277
7386340025107008814,1038158.366727242
7399508584830111007,315.6092334831045
7387565233822289183,51062.136988615406
7435438213931470123,1145.0527091823851
7428767985587948846,940.815226029697
7434026754534034719,58.492907806488304
7417599188210355487,863.1943350252224
7401341884716649771,421.7813625617217
7427983606254996782,366.42324116847317
7393528234501098782,311.5555160970181
7420948790644854047,14682.57676040346
7410172864680365358,2608.6706171174583
7407299792600157483,146879.04071402692
7405034913700924714,916.9143372885266
7390196710544346411,990.9672098413457
7412413064764575006,188810.11735035887
7407973184127143214,135331.19620324465
7424339078251957534,5547065.155073198
7419078726287117610,425.22651028905443
7435424238183484714,4792.5116531872245
7423964646085774622,2126.009039279183
7386071478946598187,1097.0596870573538
7414638235063766315,4386.480039362816
7392752650019736863,2091.3438144142315
7416852482606845230,125.7368383351718
7418377541980802335,262.61227056176494
7402069243094748458,4279.709720969436
7424332453789093151,390.33916365648895
7425789599714200862,0.0
7423977966297763114,1026.127946268283
7407637730286374186,3206.6531800128196
7419884825940741422,40.19647627316277
7419161558858681643,552.986708611707
7395052777371749675,847.9854131811169
7387561824616549674,743.3184690107297
7427249138246389022,50943.71977189922
7433275244103650591,1904.1151032731213
7395400285625011498,0.2562601608241408
7388647355962395950,129.61026322116925
7389048708509224235,403.3342311474455
7419094436115713323,323.28927078678146
7400201718429977887,2228.719649438288
7403172804226534686,957.4924648089202
7418411105027935518,298.6194758163857
7404623838052404511,1322.0116851242365
7428766746280070443,6421.53808373113
7398371682122992927,36.513187462103915
7386156294199102766,488.794308444341
7410545982456204586,474.53269399568694
7395042428178189599,277.0233003855842
7407636530405149998,10851.991865370506
7393554802929634590,569.9161594351835
7402836468508691758,454.63259623973795
7423209128522403118,764.1104186520299
7407944258210155822,270.4041164858925
7414622083524644139,4273.484066466743
7408763701089602859,1234.3951532577046
7402433598378282283,11923.776656160217
7398725174759099690,1541.335791195317
7428405535503846686,99.9670437482807
7394638516870860074,1111.663237074608
7403932221133999406,270.5759859526155
7392766761562623263,112701.65586398215
7399476787375246638,296.21897320167864
7400157756591705375,4838.14650778692
7417972542960373023,3189.3608219652583
7393197780631686430,280.82676791091035
7415007678226779435,3305.678487028518
7395706313612774686,1305.3329639089397
7389770130772856110,169.4539463746992
7434689659889798431,2192.3236520763667
7384594973729082667,539.7226098748869
7398019184682077482,397.3327216997542
7427346558317890847,3068.0023790798728
7412057785577278766,2865.215452075934
7415072173150178581,205.79090348908267
7435503385794792750,468.0207663198222
7427260861208595754,60.867393584454135
7398392248276159786,440.90045834862485
7396068689914776863,794.9673596879812
7423212755127242026,413.6775345192407
7407958823509544223,7971.223670962667
7423584028424523054,691.3715832888079
7419877268786531630,748.7857035072874
7433258881050086699,428.33398486293254
7425101285864639787,510.38312542501967
7389845960521682222,4022.382714370267
7395779709537144094,279.60442538419363
7401295511401057566,4499.524219280136
7402796367900462366,25548.02721759244
7417635846272060714,236.99942165602275
7419169332707626286,346.8532162010596
7392010165735656734,4442.317670912019
7426895289664933162,326.91432410866787
7415763144888323359,188.5992218991638
7423228738034208031,468.42417023896496
7404542212375186718,302.1964980550574
7400985493376224542,344.4030550763255
7385734096418377003,1257.0608470406535
7417278662589877534,276.89666898579003
7411331112120667435,1359.2670957965356
7411310928219655470,79758.95584275303
7395715368548863263,14153.405327019738
7434258973521382698,10078.88361388222
7426189046134721823,1660.3736293255731
7429141874134371614,3085.6875978017656
7423623194440994094,11937.313181905089
7390936545399754014,364.58667697366843
7429133387513744670,7696.669900255232
7389764419716435246,5349.155697417522
7397193956620111135,246.1583101845886
7411367691170368814,235.45262740281012
7395762477054692650,425.4005130044368
7425016437615398190,434.0374992659538
7394615855352663327,261130.4080217169
7413939005420588319,278.29811643086794
7393880922094882054,312.96666212620664
7416159412441681183,0.0
7395017550293241118,252.31781198659073
7399798770608688414,390.3230433341463
7433982765441371423,278846.99434971594
7406134647102508318,485.96409917444487
7400214362595806510,15206.608653624227
7399073352524156206,443.3116711911367
7419159620918283550,329.027023047449
7423215929808440607,974.2216142631415
7409483880828374303,509.62659187987913
7385713307610647851,337989.6711903553
7428400999632571654,13858.50440409476
7402732222337535278,6992.019181942381
7424689634841496863,11332.311681905094
7393554921670364446,441.44643396969764
7434745441176128810,505.6878280065964
7400566079170366762,493.9587226375138
7407948989523447071,724.4310176375174
7397584349526265131,0.0
7391660927092903211,14738.038342315598
7410594067387583775,731.8040870568027
7417318444028316974,97.28156550340117
7398323764569672991,438.3179258457453
7398010996746472747,364.9752801057217
7395335401566752030,375.0261524731641
7434780991522098475,79.7292638838365
7391988699791117599,1141.8981540650911
7385003689162984746,30.151906727640664
7425786259534122271,0.0
7395010211704196398,496.37962510909585
7400531895689219374,6691.250207523353
7390133310950837535,21387.836016913352
7423200157258255647,156.5820664546649
7386829702486428959,843628.9116741942
7427309474060258603,515.6311142663985
7426903547570113835,32716.94359281991
7405036189226454315,1005.0951244215605
7427629577557511470,870.2125993250164
7409159408741043487,705.3886748178392
7413568124810743070,0.0
7434384517453925663,3605.5941619838404
7392018102835350814,371.33942878827406
7407957461065387294,3533.227369585244
7387252499184471339,1031.013379761645
7408358508850105631,126834.64519253181
7403519563616357674,558.1077231322648
7424651011396242734,240.53145182473494
7435104195801304362,4062.813124001243
7386884018794515742,303.9539471563951
7402832351308385566,946.4045346565578
7426575357807054122,1298.563089083338
7424684597960576287,257.4873854044646
7435140435565219102,13.249480302426356
7388009686970289454,88.01791483077562
7407991992879287595,379.08096947196145
7387586660210330911,2720.7239360209337
7426897349458349343,1430.1432841514488
7396894240430624046,826.8444203909307
7425066746295356714,2086.4192477455736
7390235003977878815,648.5085884263916
7408400883169398046,449.4940319003132
7394595649129286955,3558.1203199592023
7413575469129321771,542.7671027148541
7421306885984357675,152.53554053570812
7424680199968607534,569.924687556953
7400938561375178014,938.189359830965
7425037123956264234,536.5738428026257
7397590936567418154,643.9968383616819
7409459404308860203,524.7937064487139
7408739302554799403,461.4026160560786
7412481644839374111,1031.2405817399833
7384214115461451050,325.61808760777467
7396099421940763950,406.15834856292304
7402025198498729259,1415.0465537511561
7393137181398748459,300.21183802034056
7405754346601811230,492.9940543984428
7416183903733435691,0.0
7392002998127398186,209393.07930748042
7433631684786097454,94.62265390161843
7414321050424593707,833.8396319354356
7410924769157074222,557.0392514532791
7424694193810951467,1693.7574714162702
7401360693565410590,0.0
7413891790165626118,117.86848135861581
7408355235397209386,270.42300783226676
7385690797318065454,300.756278265791
7416869229963595039,3530.558165608487
7403195763871714603,1699.553824079391
7389485289271545130,1475.3195693033795
7401310296612097323,338.6824437367353
7384254157101829418,730.0412628903949
7391275954716347691,891.8874540863736
7414252129126337838,344.62785989895417
7428354375799622955,14291.280861089122
7403595606112898347,1158.8019041077316
7416944729582996767,896.1532867644042
7407618875442957599,320.03981013749114
7394635807388126507,274.0924985448895
7396907049675738399,0.0
7396087098694094126,285.7357990930494
7410172550564613407,253.55620885888746
7426544227024145710,1438.0569671639505
7427717955279916318,116.5101387318075
7385342068312247583,297.46924589125376
7426076055473032478,35580.53665685022
7419490755015806254,343.2786880421553
7417254770290855199,487.72551583658264
7420574225687334190,27489.397087347825
7423616242650467614,2444.3092337010194
7421363279575960874,10591.255355615227
7420646745647959327,519.6072649718539
7434000156929887518,661.2099493622508
7429570583446211870,89.27048775200319
7423551981282741547,352.8856247659289
7384255424867962155,616.480185984946
7411701646943587614,337.6803316437697
7389081832677051678,135.9400070630822
7416932844955700526,38296.668397680885
7408768039568690474,598.2999085833658
7384970726140382506,1098.3745290053166
7429156075091299614,114.91679583145347
7395797378990640427,433.03954370903557
7415405679579565354,33505.16372328947
7414282015484284202,176.06631267558305
7427251367112166662,16587.360113898627
7400567792795176222,2468.9365176440097
7408009000114998570,169618.7932336092
7424734316481072426,356.94244305986024
7403197342783999262,587.171904461643
7417612316205845806,365.5622753630863
7425076036582378782,307.86009651667075
7408372699841498398,16045.173283226006
7400949495770385710,964.2520782068423
7389803937492143390,3441.137693015198
7409060728629366047,285.49241977064605
7420995984936815918,438.39532554338336
7384295081311866158,8300.914110018402
7434709448045825326,405.92650621894416
7392396362500934942,587.9671484563822
7407612246962228526,28044.908794392886
7418804365797887278,476.74345639603143
7387200823564029230,2814.028728621099
7428367716370730271,1544.6820707027207
7395741836356242730,1303.4687863978763
7418340545518505246,133.17745492220493
7427981206282636586,865.7852905614678
7407637457912499486,272.68136147074154
7424670439080840494,106.11950802893264
7401334079918050591,949.1758266774007
7429536580676685099,860.5915696484612
7392371291090636062,373.66664425688214
7421692631220030725,4329.171693722784
7423953349927537962,558.7016809791762
7393150552718265631,294.8580574811267
7398299297852263710,104.84667128652862
7395001656234085674,102.05990567375605
7387249093472537886,1338.7113649578039
7399128588861066539,359.4588448543026
7435472501876018478,660.7723784350919
7412457068524768542,33285.16845760414
7400563482573147423,3662.0394044876516
7402808688899034398,1191.251484291902
7402442088526171434,367.6479808508999
7427308766904732959,4596.074623885104
7398684979024203039,448855.26396498206
7410598088995261727,658.1516233943795
7393876235501243690,96409.76987249992
7412079482787384618,284.44778769523407
7432841836290493727,1495.1633098668053
7387612252540521771,35327.0779990085
7389392999714704682,333.543923381819
7429152585501658411,6786.736437893949
7395371056594226478,314.31655972739475
7410636281065098538,369.71745605509955
7425109824616221998,499.55792777877343
7386426669113920814,8480.248416398921
7385337536526388526,48.88781843206907
7398365656757996846,376.14064498518985
7384983868035779886,438.8148058003603
7414266147165572394,493.7942556054221
7397221859458321710,300.78127042162464
7406460804234743086,1014.7705759722676
7387237746206706949,347.57579370568556
7397216448277564718,316.89548550058225
7410179663953268011,516.9333546526937
7402448859412139295,3751.2353801498716
7401361586880924959,81979.67853113463
7393148983025208581,25268.490446796888
7385376360107117855,208.07553787134944
7384648452493397279,14023.022733192349
7386053398098873643,1510.3956754539083
7411327654412111150,567.365774735105
7433288733526330654,2002.713514559998
7401255591278071070,2467.4366768535547
7393143789914869038,2277.163578751575
7424370585196629291,765.5406319656265
7426579036014513439,664.3579157583195
7387606907848150318,292.54926256651356
7402759889312943403,7368.021049388784
7392373937658727710,292.4580167037582
7389020061857500458,742.1181627227405
7418797517803982110,449.14833565624156
7410203478796291374,32041.22334293078
7415425241108794667,331.26387234347044
7398366678242970926,828.744832181907
7392032641324780830,275.4867985073462
7429159424272387358,2131.5482715431867
7419152031266409771,15426.175017412746
7433946067495931178,342.62433051011715
7412411877864557866,516.0174611513079
7385038492939586858,1464.93022310629
7409104220915289386,11838.183600657097
7420562602700344607,1273.9117016297237
7423530832683355422,531.0194138909563
7394651349557808414,350.58520890017337
7434715867931299115,373.61757953771917
7412478285415812382,262.661731141504
7392401794195901738,253.9692453853783
7398746473405402414,37519.336177811565
7404300684742446367,186681.09679104347
7396499365931601194,394.8613380496986
7400196719088061726,236.53573696806515
7394681457588866334,218.57301998243477
7415769462600682794,3787.602616516142
7391295259889732906,434.3638993480346
7420200764590607658,430.7135288593688
7384985850108448043,485.89137078974204
7384207980855676190,15163.103656003777
7429542051718499627,368.24339914163045
7409132620862508334,118.90666970354158
7415401524500712735,85622.14074780255
7405818686969269546,72017.0662510507
7395372140524064030,314.6809054030442
7394979796519898410,855.365762036549
7397941507581480238,254236.3213189811
7422066833299197214,518.4974128254682
7398753064569605418,586.8697439258848
7397939795504188715,17963.286153459252
7398351928146595118,794.7811512715073
7407290288718482734,380.36801321059113
7390524116190743838,13099.421262353253
7403129543650856238,550.7471803428436
7414319447080684846,9751.192274817182
7408716338664901930,363.21586473871787
7385315576853318955,301.24262801280804
7409814843366165791,2886.2452919311236
7389485467005111594,448.14622356327584
7432836348903542047,2685.602899695035
7386137461795081503,202.95140045069243
7398684386293484842,378.9004130648219
7409496905832484142,458.53777794082794
7432907582852910379,610.0898094981509
7397630220963990815,245.77963451422883
7387911558216666399,1528.4718195317607
7399417049161780523,1376.4927643742637
7389030009916149023,367.19707366264356
7424286252578426142,1045.2653616029509
7393563741142535470,700.5245428637752
7386488145539304735,837.995393381099
7417605161083751710,876.8097600231943
7406458872015113503,22244.887245861388
7426163151063797038,2547.568154742317
7402435390482828586,2114.3589610345507
7400915236896689438,353.0664230878649
7395709242164006190,1630.5576387035387
7414300392240024874,1660.1288775283676
7409885912836033838,1864.1788107370744
7413947582830906655,46588.870838282826
7415739563118791942,296.5636578020561
7434318749081275694,3778.332447181227
7410939360125734187,1222.2957773415467
7395800346339085598,323.25808577029863
7415377435409255726,803.4717546488107
7416135098128502047,0.0
7433960547630206254,604.8864119932879
7414292458302901547,513.1584990501066
7403891474292608287,1780.0605908313637
7410916850516659487,288.28393571032996
7417670552573299998,3250.1966062657375
7407219448794352926,262.89009870931613
7433297588129991979,4225.565936922368
7389453711795555630,233.40372391134596
7407274708145573163,29430.88625612731
7387945890117471519,40486.24831169846
7421722953328512287,350.8538442854608
7408700213558267182,846.3710367306887
7410544054657699114,600.8126775736889
7384583686013930782,275.4611335466724
7420574272852118814,1912.047611655235
7419152311089368350,58118.59400194975
7396870263993847082,361.75766424054075
7415755397585325342,409.8668535345306
7405768533516225838,328.01981770654504
7414622344456441118,522.438573854461
7427702933392805162,344.34754662667615
7402839693538118942,138.952290205659
7407987543263776043,39257.136491167155
7408775878869634334,343.62456917930126
7420960829341797674,319.63587840424714
7410917569588186398,382.614284146459
7396497899489725742,62.22107385336794
7425031556370320686,25360.16508146314
7389030032934522155,817.9208001251344
7417253265513024814,1107.8919222249501
7415470057154727210,671.9955609509025
7388311963350076714,363.2475335847935
7396863890283367711,261.00142182705247
7434305824920538398,14690.243501348376
7395359145559444778,151.26562876311525
7428734440232275242,651.6514966039898
7389067314479566126,2140.824299772765
7434730963977997599,2667.7315254962173
7420979730733698346,15582.324273971888
7425801126647303467,0.0
7425393280113839402,481.71767261967625
7426908634862456106,369.6945621184574
7417616047852801311,328.394099008234
7420230263805840682,1341.1234354982303
7406127195392871711,207.10961607378795
7424706159703051551,427.96085532280904
7416128843750100266,0.0
7400588359292439850,84.09724162767473
7413882204670971167,518.9710819968415
7395391251836669215,1280.3679669101598
7394268585582955806,597.0388816814775
7427265483088334110,94.65742365553899
7405765043331157294,10997.631170210421
7428728679666158891,551.8651036465277
7389829902406634783,26.14872754174992
7419839212461247790,1709.947216851257
7385341239933095211,4399.7793167513455
7400574206754180395,268.7238382046098
7421674272143215914,194.67609880206436
7422811001722146094,4292.527376945606
7425757257230454046,0.0
7427278849244728606,344.0255360403987
7428808902357060906,260.28447433950646
7386121917708668202,7236.286103782773
7406465980001570079,311.73424714705754
7392056436051905838,284.6093427947284
7434698260997999915,385.2363326479974
7423956553448934699,3207.932953270343
7428405223095389470,331.111729928782
7398676446803250462,327.21998549501996
7391252514529627434,137000.3545474259
7429468832852462890,591.8506148475174
7396822873274420523,407.82796547377677
7420965313279266079,1305.0111512529502
7421347699372625198,430.76042938257774
7411335562130427167,599.6993107488013
7428018540478860575,58995.33292746248
7435130474999319851,5376.414323630545
7427336213415087390,438.1350602519127
7402851386217483551,769.4289456077304
7408329444689055018,344.0959112539001
7386847467217734955,80399.91812644115
7384602777055530282,293.6634911714888
7392747961484135722,632.0031352270476
7392428909888802091,3563.882606620538
7428797611034840350,1683.5729651571512
7384605735444974894,760.0609767183025
7391290074211585311,898070.9364046458
7429551149583322399,293.5646579810277
7404255747460287790,432.19227012298666
7402080498278829355,43705.245045293545
7428779902763142431,1243.131667506777
7398376230635982111,1182.1866916640995
7388337502211394859,329.4930739438216
7421340076178722094,412.3981001005709
7416897441384959238,257.37361947338866
7387182317346786603,637861.7755852862
7408336827205045550,1224.9914599923839
7391644627956288799,1268.857411608467
7409814683273760005,345.31847370315904
7426917387854744878,894.1951493882757
7391993043043274014,18460.263323693074
7434728082168237354,1315.5849293667895
7418348745076591902,5913.503222694496
7386825888098192683,1845.0908779743997
7393526243968306475,524.8227802087916
7407265486137740574,523.4720029174348
7389841761805290795,288.3295916300891
7394249755460717855,857.8859994382659
7402816468989070635,398.50918838416976
7389770616355786014,31670.601901680664
7424372763902659886,508.1538455466225
7411288796735507743,358.47278710691694
7398756968753548574,238.33796229899312
7429498298479725867,1841.1491451467975
7404677486904151339,351.6210351188571
7405045738822012190,395.8362897087036
7401639420228652318,81029.24978607461
7417650545340468522,716.1751131571106
7401681569758334238,101776.87195736292
7409138070705933611,1232.8844263014114
7399436874286255390,313.05144226622167
7423561838996000043,3394.096262693018
7386814380043734315,625.437062621295
7396510285898583338,2498.8778641150934
7403878050678721838,848.1312967583935
7400225585290677550,407.6389461309358
7402442183602621738,614.1665087898963
7434762311144951082,293.4630317742808
7387999244050910494,765.1337092858087
7423908049795943722,538.8717075668918
7402754818994949419,47793.096152170656
7419091863946448174,2319132.366993758
7384985368178724126,442.6016382264562
7410559672412851486,338.2168986622097
7408372822059355422,449.7669248278786
7420584983598845230,260.88393920501346
7396910332003798318,505.48356394940845
7418403216406154538,866.5395149199153
7419140350138223918,78.05382798065519
7391665087376903467,394.40154599073776
7427662274518682923,105424.89188874343
7429474546979327278,14371.646235556545
7429539173587111210,2516.7683495828273
7432835979687365918,12922.091356096702
7395793115182910763,1941.6596241193863
7409510773040434474,876.0292109364464
7418717565821668651,251.02612788232082
7397249950272326943,431.7811909071213
7399830589378940203,760.2479198342063
7414683843069791530,259.2275355567724
7394239061621214506,208.34253687478412
7434681546159836459,1046.307794452941
7414297074470014238,661.9584027950522
7390553609244560671,89.60913751968405
7385014043808992555,1885.309054187815
7390937029753933102,1463.5718804794817
7418397130810854686,317.79057024730366
7432816875987406111,123232.55737609624
7420999655779044650,315.28496664968304
7389428304433990942,4464.831583111388
7428194108067286302,1276028.1390927315
7390194767612611886,1472.8780951190622
7429468680485915946,12717.411846544288
7433609608888978731,790.742300649273
7428044485189274923,635.8164512000908
7428429779160059182,633.1078721332406
7422118274571455790,9956.808817300154
7390137050684525855,360.62873585470663
7423913443142454558,1184.6395537539295
7398742033713630494,8994.593866024043
7420624362908159262,1696.3659238318332
7428782328048143622,7769.612550875517
7397259985119448362,360.8266661426794
7407229531389545771,1030591.6773957844
7386458169687526686,268.9608177810354
7386464885141474602,11.845503748113224
7411705531431210271,584.6546229770319
7386100539181780232,288.7967071097049
7399827056843918634,340.45125875133135
7392023380188302597,6519.297921409588
7415471425735216414,747.249918418398
7396823917228281096,82.46388586185535
7433618484812287278,140.9303085796017
7391263417140514078,322.1552491530091
7393190663510117674,3570.990436416726
7423162483109678382,363.14464078234244
7404291837151792427,5496.449624533086
7405352570924862762,116888.11431508353
7400546876103314734,953.6841809799201
7408006268687748395,789.317616346526
7393893128291306794,1036.2402430017598
7403168206988447018,973.9292801828462
7421714493182381342,383.6954103266613
7397225019920682282,68.86805596239284
7389448777570061611,353.3252059432623
7420942027476503839,1539.8996179808269
7386839905298648366,590.5432942504975
7433605551935868190,45.892909170325396
7400919607210429738,359.98951794861193
7425435365881695518,1364.4296756775677
7407621205487881515,693108.0165807912
7402807582106127658,1211.9558387846473
7399840110730054955,1045.2705077904382
7401695108434808106,1124.325055937381
7423552603142917418,503057.683972669
7395750994967039262,485.9028287541902
7419546838476377374,761.1969027231514
7416172877474499870,0.0
7402082619459898667,624.3154666111565
7392374113031048478,213.60520350476784
7399792116072729899,2812.3681244523023
7389101369275338027,629.0283887802498
7407294057321336094,1093.1177123149553
7413175678960520491,255.5133785758304
7394212359612419374,425.71766330253183
7419469518411468078,4317.106475859602
7428029094501027115,12778.597078809269
7406521865541405998,554.7966312316116
7387183818148515115,473.2269348487167
7418002057451392299,323.82852086023627
7392804766725721386,265.82252797682315
7416106744494984478,0.0
7387548747284155690,89.30272839668854
7419086108245495082,8748.79685100643
7432830055698468127,404.895650249714
7387981649809591598,443.3356867327441
7405347682639826222,223.73823485180023
7393916221155970334,355.8831071214162
7401638883546631470,252.2060913351572
7435074149669719327,1565.1570459839595
7414251343621164319,362.25153533850073
7405018870278507822,400.5925716480766
7395756837359979822,1753.1548523295426
7399467825015950622,5795.09772376763
7423919155662834986,4047.194420484271
7407603746093419819,887.8878685929612
7401357571082259743,243.38585257427215
7396174710377221422,602.6975278037185
7425397606479629610,44145.43873215367
7386065167064403246,372.2774464974044
7433614121737719082,87081.54739479735
7392092395963206954,3260.4992899439894
7413939204876455199,169.52990762077232
7390172957185756447,525.8772428218397
7425109501809904926,1082.8687777060147
7387625911538945322,20593.750430035736
7386069192019021098,6556.722408532324
7393174723808464171,376.373520965117
7387241370051693867,381.3195871033611
7387219313289121067,451.31118997185604
7429160527449820462,1293.2008415262496
7411352047469088031,402.4085421378916
7428382973721988395,228648.88340815084
7405388498468998430,1134.2823162336529
7405047752037797166,12405.51135740721
7423195345099705643,3965.701828944669
7396488939114106154,348.3859134193176
7400192588877286687,453.64542992460076
7407607111678512430,130.16189493374944
7402011081440267550,279.02458656449085
7391251622774541610,52011.800931042715
7391992834976484639,405.6786184844259
7419076315476659487,385.15164455917227
7390503949897420075,9767.992569213802
7395732410870123807,2028.724555220633
7405767487108812063,6338.585743280515
7400187499794025774,384.0267277186465
7415458037046988074,1096.5176749149082
7416142382212713759,0.0
7410991347089378590,347.8997746398022
7403912506504187179,931.5902988438838
7421679207815728427,978.3364481237031
7424351218144709934,337.52029400981655
7406155646153837855,430.5339531486285
7409890085744807210,87.95212704336541
7384212997520067886,320.57522460367124
7397616819151916331,5332.7226076896
7389429678404029727,251.0378937383281
7405736830219406622,47111.27226488742
7384236102875368735,152471.9506124925
7387980765243493662,291.648292850702
7403519853862178079,19247.1772682078
7408351356525808942,1249.312435818609
7398720186737626399,343.8342913977085
7403161508672245022,330.9366276006888
7403893469695020319,11156.366341997418
7423597566115335454,2658.048319634812
7402053073448832286,1143.3554569630182
7421360776801209642,741.6810226856255
7395712557010537759,430.321358899959
7392749625045781790,610.86375682646
7394650615156084010,16408.119657421903
7410541370093423902,1712.1141706811968
7404267979208248594,318.23803768886114
7401338559204019486,365.92465477306973
7405361793234865454,8484.058459608257
7392370042941213998,43910.81288388846
7406493407687970094,1201.6884306821626
7392386818269809963,3541.8598474346463
7393842368019057951,752.2824230707641
7402456718308838687,148.46702236253216
7388668694462729502,279.33548210734705
7409073007114620202,238138.04243751254
7385771740271545643,320.61872528251683
7394270243926854942,303.80554342492394
7407670520440720682,1297.1161616565348
7419132592773172526,970.3624183656239
7400627640303914282,1657.445774446944
7409499405562219818,349.25576409540906
7384595929703140654,49.52708032267218
7423179350792588587,14689.030672512696
7407236185472371999,3162.0881386196165
7418378717161852203,1519.0825491030353
7417230570536701215,828.2208667251346
7385027543277096234,1033.6132861453573
7413194687755980063,979.4127620824044
7396825963792813354,923.9601839572845
7427653238553562414,407.3187609017584
7412412542288481567,757.6462451151156
7420196927607672110,1330.4375457452493
7401666816814189854,297.1606375428363
7414294214424415519,482.55739390748727
7385337594139331886,301.2506331933438
7394264918192606494,1485.9684550475504
7400609116051344682,434.3649109917286
7429468842172108075,338.6906248553049
7426555900174863659,657.576877822615
7426918014580198699,997.5177909450872
7387586687729175851,324.6249393994898
7411349388640931118,714.7032245217687
7389778456608886059,25809.386679940733
7416879740419624235,19174.094254066044
7386467156592053535,303.85660943922096
7384938675731205407,644.9564174349877
7397929197076745514,339.5223059331124
7392030268380417326,1560.692865165126
7401325462154267950,766.5627130254232
7397190876868463903,2993.0159312532755
7403207943971261742,309.0414234892687
7391307523669642527,392.00568374167085
7420633251494055214,393.55837191901423
7403120169280752926,834.1989413848688
7387945474340195614,322.78940475846025
7425786913950371102,0.0
7387169456646081823,5452.758841221859
7418042125029231877,271.6488031428959
7401288948091260191,294.97021797764455
7403167299861105962,54437.769623370994
7402455325699296542,1060.715956328671
7407959001876466975,1370.891768905372
7384612032558976299,817.6579666127877
7398666988853169451,68256.20768831584
7390155880957791519,307.7668273665272
7418370168985816363,27113.45475293359
7434718716899659051,490.31249077481436
7428392239870627103,1205.5516951467107
7405819019913202975,716.583034443409
7417290527718018334,429.2979623870822
7410183888389311790,2283.311063827733
7384658576314240299,393.1622034515095
7407128827744374058,208990.08072853152
7434682860147150126,1051.786657979113
7418755946899344683,752.190015700708
7396847579956350238,11559.018208976371
7405746618860915998,112675.72074058308
7428790374765825285,221.81758531407482
7393585323265035550,6363.116085366906
7384217445483023658,536.348642119421
7410953111407381806,602.952475051841
7434336136325008670,922.9269308323443
7433960739297119518,343.87084252422085
7389800171820879134,393.029414220534
7411294143453908267,7505.492194760454
7404625387713580331,218.642471521259
7384564522704473375,291.7564817042469
7391676969928150302,953.603007569597
7413571690506046766,5736.953821540182
7404980054305819910,2247.766214770776
7410921495486156074,14048.93035323643
7408330551997828382,997.6068286273801
7393859627189980462,646.0076471866654
7401260231151439134,81161.36586640128
7399410911917755678,2464.8522530168125
7429194506567945518,453.87579878754684
7423545343700159786,320.77487028747316
7385759536860204331,4835.132918146303
7421332066609958187,1456.1632186378292
7409827060790676767,626.1422882373421
7392768510042049823,453.6638814258906
7393877888157764907,1325.687993435667
7423601326522649886,717.315138676285
7412094504733281579,604.9412826675648
7397634921117994286,346.9211592293833
7408346008079387950,788.8154672059391
7399099730459888926,339.97681089601997
7428402455668411690,391.96589975378834
7412482936546528543,3668.9499548084536
7432806064627961134,331.1147868521185
7414279868591951147,796.9116199516975
7414357488562113835,927.5341052881113
7392379092047236394,4460.128496352797
7424328725845626154,1541.2689127502363
7402030212642393374,8102.810120786016
7413149414702861598,734.0241652178955
7394939279719533870,69541.62409784802
7429495331806530846,1391.4907365158986
7384208099479063854,366.26309357324897
7396906624683740458,660.4939695338905
7390130728203291947,312.4900109633003
7398325834991373573,2578.4294502446037
7393533099671407915,952.3976430631375
7418783068321877291,626.9002643162205
7416151610063113515,0.0
7417974793569340702,525.0605604614096
7426145740222762270,838.581763900305
7387913861229284650,735.6300746504494
7422862437629578526,293.9476970727635
7425056551435570463,261.3928749971136
7402463776294964522,423.685394910298
7389465990268079390,2106.9639824571955
7398011413949680926,1104.5564938539171
7387940894655204650,299.8964251103288
7429151801078828331,796.792377949321
7425049888284478763,1069.8556325820898
7397610200854695199,180.95958436648746
7409477636675620127,1949.3954117875091
7419906264303553834,1762.1048453903206
7400916924227538219,6146.091823362972
7409812314498829614,1903.5257418073418
7418371126126054698,13.099845004718922
7387904107031366958,1913.992518649364
7413615471401979179,1733.6069385326598
7417675546617810219,303.87345550595285
7405412220718370091,138.54835847241498
7423552599485336875,10596.020786332356
7392380111326154015,785.7065281060688
7429181376232017195,5594.668528526116
7404639944607665451,419.86651489693713
7386481141475298602,279.4396594155834
7405740363828301098,1004.1191081793124
7397980329518075178,24.674186798687984
7411321845099646239,343.973700297204
7407647335175458079,1060.897744302047
7426204568502996267,841.2465254417101
7427673339801390367,652429.0309233279
7407964198166187295,489.8514011728546
7417640663916891435,350.5942786639522
7421334231349054762,390.7069401237966
7394643458809482526,1871.5879344160658
7393155109699603758,128.17886232584476
7389055343579483422,680.9662837523689
7385376428725947678,239.2879967339678
7404624283852361003,3590.7047656012855
7393888991365303582,8389.706360832706
7432844466836311339,1686.0372013245856
7395021216920161579,7134.76209873728
7417654823195184430,5846.181382564154
7387604921912167723,302.6850030429879
7416878016946588974,3016.6401574363686
7399051885220482347,701.7763550111457
7432904961949814062,404.75197485289993
7392062738950049070,1036.580142245758
7397608932140698922,8.126121565707656
7426951407426653471,1964.0872476682396
7414643627948838174,240966.4012710845
7413529952567561503,15346.509647442077
7407659871333666090,132.20753053437556
7403547364838886699,380.4303172667942
7387568270217399583,1047.9227337469383
7402038213172333866,140.01721217667475
7435495550570777886,170.92060085353705
7384226138840780074,471.75638774088213
7426156184987503915,60899.582049200326
7403888715833036078,545.511300278499
7412481194941615390,311.4121795390579
7425767818714434847,0.0
7429176531848645931,544.0771503513971
7405750778125765931,1797.8854163830397
7418423349757513006,40.418325178685464
7394956769426083118,460.31296175410694
7388275824815852843,314.3175933633431
7413929238719434015,459.6527542824466
7389395546789694763,355.7171975555866
7426148763854621998,14149.149074009507
7387623253986037022,163.73237633096403
7412445729928596767,0.0
7386794274102185259,339.21711942131253
7428060179461115141,352.915732161955
7396096330948513030,220.02929411728118
7397988938532621610,493.87085462686764
7426127560964050206,150279.68752941673
7392406370055687470,43185.58050586915
7433963610726075691,494.7522381992105
7385759988091735339,6310.1962272888595
7407960793028873514,945.0413757260756
7429470210681212191,747.2909470097303
7424347815742180654,1218449.5503011232
7394978393663507755,426.6523251518072
7399451856621063466,1174.4634175886276
7413177451888643358,3093.9831013769804
7420983408433712426,1011.9167380662993
7421311901050703150,241.11517023622096
7395369348954688811,1372.1013339323872
7385310508477451563,914.8250820927431
7411752500006554922,313.0835509573817
7418019661444304170,5880.358379385439
7420214805220429102,603.6488728189056
7408035654761860394,4886.6244982291255
7421699671292202283,539.5298037821472
7434381736315784490,107136.14260616201
7434393335806102827,638.361842867767
7412501079780461870,936.6455524421533
7434741237187415326,24651.468461969485
7415009288768277790,307.72484415322265
7409887785135426859,1005.2041090784303
7413951037972696351,221.25354997011496
7386467978436545823,319.55396621232126
7406188213590560031,492.56694282925173
7391330803961040159,566.1914193070945
7422102363718143275,588.374721948786
7434699757190204703,312.9820127196516
7390522133274709290,463.16635085995006
7412450576073592094,316.0703450773185
7384993660284226862,1525.9953336787264
7408346024743390506,282.0254907565958
7393104856418012462,1550.306456975061
7390607212562877738,1215.5513125246086
7429527771795213611,30962.875153635294
7429115416200514862,11186.214586301354
7397989780933446954,537.6840117956109
7390168145002007851,217701.96525057187
7403489412010577198,1224.8034702033183
7420202525292285214,288.43581421796785
7407662104221617438,331.13829657187875
7405018691387034911,496.8492566607332
7403138903194045739,1080.243184369374
7411339138198326559,737.4093710152673
7423536406099692843,580.2899701457538
7400583379785108778,622.9343839934854
7391659601374104863,266.2031479205948
7394231880704347422,612.6435981247658
7417973902871104798,300.3245662332952
7433603152902950175,297.43764302194074
7393476186833276190,907.0000058724905
7415040349732637983,147.53692594709375
7407953814550056222,286.9782205478683
7404259169257147679,219.9516614598874
7417996688855469354,5210.988207218338
7423217575309348139,316841.15556476644
7423597346644069663,89443.29884058387
7389412793562189099,9686.95700766417
7427301817861688606,6715.636390383338
7400625372892548394,513.1599945233935
7391692231582698782,688.576042766602
7419112522751495466,1077.0408531208755
7403548514522778910,341.64599204396245
7396912869155130667,571.2526148961763
7435472789781499167,448.518213588353
7416181436585184543,0.0
7426887257421958446,6688.4796192546455
7423186010734906655,6478.340031643336
7405803983958199598,993.9273184018739
7411721527541927198,27.352803460251124
7418021041810738463,31.255117213252007
7398682276789374238,342.69205361589866
7421682680078601515,527.4847927184193
7387578272801934623,834.9531567882757
7415840585912716575,415.0248150421768
7429540497309306142,91827.30394144262
7418711218753375519,284.49933753912387
7406144232680983838,35371.23039973579
7395757891275197727,1500.0317213554015
7384650381000707370,386.6358268646228
7412502563435613482,415.15813208725353
7429180400351710507,911.2425927378115
7400537034437201194,4687.699626115753
7386834799316471082,1157.7632099409589
7397991323946487070,224.7571840564572
7415744662327119147,904.8686444649179
7405448271184842030,446.5537953825584
7412467578381045022,295.91036485326117
7384207738194152735,143820.0297987767
7417625659117210911,1663.4135347394495
7420652608177671467,134.45361249499607
7394304270792740138,363.46569674664795
7413597389694520607,252.47879528747526
7435145254824709406,674.6363199879138
7385021925359193375,280.434391066172
7406105632471928107,1358.9109621867506
7405019733315177771,1523.2943948791308
7397248928216878379,6595.942145359229
7411289704735214879,4528.793011669903
7424687664772746539,34154.40656477499
7416912243868126506,283.26316188450323
7434328854686223659,473.0810382342265
7412430385163930910,469.15208290632563
7433245977491852587,1356.5097468648676
7409133913538333994,101.11672386705723
7402796873834155307,10362.211285670899
7427626452796837163,117.04082078115741
7419873333925121323,374.4356694024192
7422855985095576874,433.5086955132531
7412485597073329450,1784.2581505972573
7400910404077112619,323.5816667616664
7425461564997750047,1394.3726055909556
7395392344788421919,4875.943006926988
7416195706639224106,0.0
7396465420112235807,440.2555973882364
7391676062066904350,2648.0500527394615
7420956502799715615,2252.910088198508
7384965723157908782,370.10141882151265
7388736058030279982,287.0047432064566
7398764903433063726,488.4739782244246
7399069544125369631,675.5415431638303
7405726670944079134,1011.8179578153874
7413570592240291118,877.3149351398228
7401646933829258526,31952.19486435887
7402068083394809119,509.36560979905994
7424326432622382379,969.4047526184352
7385345708569693486,1153.1924636132196
7422109219245100331,350.48309886383356
7425447425608781099,591.8707157678737
7396165030577786154,760.1800118353506
7404661490793434410,1421.3130828994024
7397625282879851819,412.5712011335303
7385706382315539754,1373.9713923303677
7428387669748600106,11674.474102685183
7388007929259035947,363.80805016807824
7425761745060334890,0.0
7402753264329968939,580.8519952395391
7429131696487910686,968.0726247586562
7421724216124296491,612.3672524132879
7389437300385516842,4935.4840721921155
7418731282881973547,369.64558536831123
7394993627501514014,940.420135182649
7398759681117752619,125.62571147460216
7420565279639407915,594.5229417243737
7418333689840422187,487.24241198814946
7423571586197802283,828.1268677484287
7390900486276140319,0.0
7429483207554239787,646.1674339507814
7416914910610754858,336.4624975291679
7397200214332804395,439.3910028609034
7426543075331214634,568822.3905170033
7386073290495986990,328.52587659551546
7433271089498934574,622.0884169054762
7395727968158387499,370.9964946131935
7397628773505469738,307.83773039412984
7415421255286852907,208.25398302208401
7385688108202773803,420.5861584767114
7392429503244422430,5546.561252558243
7400203776860245290,398.6202932524851
7398309651311234347,8571.493982185353
7400573500932623658,3415.249690061879
7415089683820072222,3467.18755000453
7418763502552354094,530.0251440777063
7421678934355365163,611.691342472115
7397961414456921387,132.19220193318478
7405768514759380255,793.7072124762617
7384194290215292190,384.7197696258562
7384220441553931550,3327.6264635950233
7413563173460053278,262.54336882929624
7419105249551453470,618.1328069654616
7390147128095460654,12948.000845482391
7412042082845494571,287.068498751438
7390526890731130155,82.26505389145956
7424291475522997546,637.1774589718327
7386844372823805214,394.28745017584856
7429479633801809182,83.14350353895068
7397238220934630702,397.3352508089894
7414299450413174046,4622.978945927614
7392380158306503982,13308.830606118254
7409449566048668970,1072.4262232909284
7393521891736177951,3941.180613643778
7387204635402226990,295.05453628032103
7419496887725706526,373.04033580401415
7387191587433958699,468597.6682444632
7422055129139907871,314.2654717208436
7407958733927501099,3506.073017604516
7391684393229733150,433.3554754781079
7423578095937932586,620.4409641047022
7394287950034423082,329.52166387430657
7387977806220725546,296.169952467024
7415018583157230879,457.7519067285591
7412436688116567342,369.8096475847865
7399492643299822890,709.2591527417713
7422072346523028779,402.12319263939753
7414662367805492522,1821.4784176473142
7397651127405251882,907.1557770091251
7421720822710324526,750.8217325749928
7385661030044552478,4416.871677239037
7387210998807153962,403.36768136611295
7429137248978832686,112967.9744558677
7385378949473340702,602.5339143873682
7407946642332126495,463.0153210951862
7429474647705537823,3100.2513988606047
7419087482718899498,1818.8341178573737
7405755305310571806,269.10941944279455
7417962811327778079,33512.59769413356
7386805681329917214,16213.585626041713
7385326811380550954,6757.492993618257
7424662171113573674,1993.4490233088445
7419114045502000414,443.1595157392346
7407615061453311275,8122.364984135233
7410173970349133087,425.34025422787613
7400605288950254891,296.5596112272798
7417599532331978015,464.0078885498208
7426887338879454494,909.6379588560023
7405422473107295534,377.69891919510496
7417994164467420422,277.77701892218465
7394611768279960874,802440.6812697385
7411718440349650222,114.10330234788526
7413978540145691934,527.2868624304465
7400587994861767982,14027.486509195563
7401672503220948270,1633.0948671627266
7428801242513607979,2548.900172640825
7424695519026449695,509.9117173736581
7406185415310380319,4694.780427431506
7413180232292666666,3767.1742558588066
7392737828322512158,67.83493070880506
7416150036423167263,0.0
7421759909626252587,331.4395684624276
7428405699882880299,390.44472647674115
7426580353407683886,69631.17394191783
7396131712410930475,1091.8986246418629
7409880060510883103,374.81988712084217
7402437259645209902,2975.046832431749
7410276316173421867,301.67047428142894
7386479017668431146,1082.7845253801008
7417286565950459166,1106.0922390404712
7390959568236416286,310.9899942348119
7418426073605573931,826.6600153393028
7400920403461377310,776.6217885036893
7394683396213017899,464.15037636490695
7426509589551631646,3446.387529205931
7413941764811181342,2097.793789909961
7423187689568095518,1036.2486660351258
7386836797763898655,1422.5636634805367
7414639136956501291,627.9875393725636
7410586725015194922,5499.119400308453
7412486808686087466,408.8208229098892
7421356689506733358,145709.01526890474
7428413327778319659,7998.9980155371295
7410594353971809567,1163.272123841435
7416206642078895390,0.0
7423619917053807902,196.57922459535007
7418811331714813204,269.49855038894907
7412500704549440799,299.98215091727525
7421716009301675294,353.41978159144537
7402760736520375583,124044.52141867853
7387940079987117343,15146.345076831238
7390547712262933791,135179.0617288266
7414336594489986335,3697.1806427401375
7384583807111826718,628.0513389020534
7421700147978964267,1930.259381964857
7391631415458286894,8001.274890735829
7414302742098791722,2339.040194549659
7427240513650183467,750.7160378012153
7418726047237082411,383.391534395074
7409871202946272543,248.29981002135625
7426880047652326686,607.5248927909009
7387607338376498478,30063.86400671489
7385335423687527711,287.13374976970647
7417989238072905002,8442.26430133811
7419090879832411422,704.3740181849279
7424340079755283755,984.5507986077278
7399434335159323935,321.6578772044552
7393876121831443754,827.0364388446916
7406092056805903658,1035.0618190067187
7398300188072299807,347.7399789206455
7411737910036286750,435.5974579244031
7405813426917838122,1314.0236902847278
7398693904343682347,78.93719085587779
7396480340593937710,1049.6058579840555
7384938782707125550,36.70395723024187
7422136488223051054,1215.135065129002
7427304593211526431,56.18433281441742
7399049776521547051,361.03486681337256
7404977466608995615,15701.691195239238
7415369533105425694,195.96426006348617
7408692638674717982,744.4209977364602
7406527774657187103,951.097272018451
7412075497997356319,4150.345078530916
7409153646144883999,18.464379756245968
7419102043446578478,1597.2654782385086
7406162407258688799,307.57310655415085
7386437133772344618,282.0913795502364
7410550382549568811,406.3713305078222
7401285975407824174,295.3001327382274
7389409876788677919,178.36805703163236
7405018196538887454,0.0
7419834179300609326,1419.8766017933533
7420237283502198058,1451.4264087984807
7408414454246870315,1051.8068028839778
7428786851328068906,359.19983799419003
7416132061720825134,0.0
7425463726431784238,1667.9706018850643
7422136445646687530,955.2661408476292
7422108065907903787,1226.6635441178832
7404637204921765151,2016.5536604937545
7413532885845675295,455.82982361213635
7426882962580491566,507.92899673948546
7433631845595532574,616.4665287950759
7424690126892158251,12023.453809508797
7394653231030242606,70.34636633596686
7423572891662306603,4623.258854384276
7428398860076125482,26995.85460548337
7387934921131576618,1406074.0401046625
7405797687850716447,3665.303015111446
7429194802463280427,317.025481715272
7415079556630990122,142.419936009058
7421769778483711274,1120.1612453266735
7394267340382276895,551.7709548062153
7428741169024208159,551.6584074041621
7401318232746921247,55.76276329328957
7414713135371816238,912.2590657727823
7423255738849709358,399.2679211547321
7413557456401468714,1531.055099771284
7433973547501997342,299.6332747513824
7418407322931809579,373.5522185581797
7400153918958767406,112079.28660832279
7397232878892928299,425.2470380172815
7387962408058227999,458.91968647255794
7412097031897992491,2047.8099588740722
7386826547283381534,211.09621309999739
7391270982087920926,152.85879572543556
7411346602905980191,326.2772744807004
7427257243063602474,55173.79125473812
7389081273282743594,1128076.041351378
7416874334221847851,35472.19001756125
7404630520371350814,475.75030818774655
7426928790410087726,1016.8586916530046
7426130132433128735,584.9447048923562
7400200705757285662,1384.895568157814
7391694418182704430,1246.6380595799371
7426498211457551659,1073.752589180102
7391270074402802987,10036.46933106481
7386126427684621614,638.6239204791242
7420244972831722798,736.6920936439082
7423939978398305579,773.9731033001186
7395371145811234094,763.6985257227585
7408717840070511893,4371.473701209537
7405360647837355295,31280.350106627637
7428452743657934111,1344.239038251129
7392048635258719518,4831.053689745324
7403175481480154410,118.24589043327148
7391295277342182687,257.48806716434535
7404999752087063838,435.7431085419238
7415795083406085419,1187.7078772424297
7434718322786143531,1591.5526651941257
7411731455103094059,398.1140535526133
7390526842165284138,284.49180315096737
7389791569789963563,145.37591898083372
7395763173988535598,325.9056053843958
7395014968787193131,475.6647452816203
7415376817533603114,90242.30357508056
7393871366346378538,139.88754584579834
7405345256314604842,833.6571622021788
7392013294631931166,953.4781795346489
7392765150622715167,777412.0331564355
7406494219919002911,365.5072157135621
7407958796313709854,13691.733400233152
7405005328649030942,617.3184427467651
7396486794285452586,489.8217336219129
7392071545776098603,767.5428947587594
7414326939764149547,217.48443434587918
7411660552721796358,284.60833115103424
7415074771622251807,12662.65544626369
7385375072032279851,238.126352828896
7432890646857305386,26927.426313051004
7394214920243399978,1022.0161913233121
7435102753518554410,1452.446950400482
7417277363672730911,291.0369961524251
7389045875340774702,439.6231791708685
7399445331496258846,471.7783799951013
7392789232990866718,432019.4943964297
7423566852946677022,91.98573455405491
7406127670599126314,388.5710263196007
7409445276374584607,439.6077845929151
7409070939159186731,573.9421177235779
7426571622296997163,194.17001304797213
7402761048425516319,341.4256076644318
7405388216347479338,411.70143842645575
7400939914210151710,524.7380000687766
7434731068416363822,1273.037012657704
7409063076420439338,1195.4434449880105
7414292036938927390,258.776012585398
7397591399752846623,333.77321462430837
7415802972942142750,394.62760437185693
7427697244360527110,3309.510205645475
7419851640221502763,328.411450896813
7390524849149725998,287.14311847000386
7433637669248175402,376.1345531307712
7386122183858228511,1794.4535780516826
7429484852426067242,10995.042246916604
7398341588105186602,637.2815922955606
7402475447348399403,9090.19810683078
7408787838575185183,452.13710907905806
7415033265473506606,256.01216290152183
7417686481138896171,327.06972137698074
7415735891953519915,422.56989483675113
7429156435293998367,123.26998508948532
7426959391649320235,947.2309946150748
7429504690691312939,11445.162439946558
7406521533587262763,1609.840880579414
7415451125588954398,57.02508773817685
7400183156349111598,375.1221926473394
7393927459772615967,495.15897598595393
7427280797314338091,862.9658224666713
7398344376931454239,353302.2307506405
7424330914492108074,127.02630122176555
7402417419257482527,10239.188003066694
7403520217629904170,251161.6142035922
7391697441206062367,573.8410853076949
7394269507893710123,7958.330427608745
7410572452264250655,356.7413108578121
7416877283882929451,54082.08945414896
7424678877689236779,4494.1356380397065
7417637732002090286,210.9774329349595
7385763054316981550,355.4212567455994
7401707036314062122,202.74614674206464
7385393224363298079,422.4035543808777
7402032588438670622,26070.06861795825
7419459162779733279,5063.154863046326
7388367973787979051,262.50450851609094
7415076410324225323,404.6149191246059
7395349771193453854,10664.21300495289
7402769289738079519,921.2511520081362
7392012158646701354,828.2913738921613
7427313660143471903,13.149415545729
7415057200667823403,124.06986128551884
7388656616301759775,271.6022895252223
7390189514901228831,534.993136493407
7418006847904288031,21.110777765377975
7415783597669387566,482.7399385725473
7408411349820263710,297.987075509099
7390929553293659435,462.681500668393
7400560899569765678,14970.608614481269
7409521936637775147,381.4844630332425
7390560179575737630,253.42542987808648
7387907239320751390,657.7398534635929
7413896378117655839,532.6074566580436
7390150870555528478,754.5087160847604
7389060738293288234,937.9493363684167
7389853919880514847,683.6190375229702
7397608625608396062,356.43707001294365
7386450995456347423,286.56270785169136
7384569017698192670,20612.58799402134
7387994361423809838,1532.2441240328583
7428008341751778603,7714.246226371445
7391676165418716458,381.48400119590383
7408007459274558762,1429.2372342249128
7409872782395280682,301.4011041967116
7411328342760246558,346.3229788696616
7413953795765357854,466.55393590295057
7384205838946159902,4810.408516408683
7408777903455997226,967.9276958033516
7423590217640135979,7439.214937848149
7411313010469375263,310.2473158098295
7409817456098725166,45.67210693796463
7421027348503416095,431.72458284476113
7402031780259187999,2693.553551686879
7413231410368007454,303.70104518791493
7418796798543760671,438.1372594773346
7428400373469121835,98.28861281635258
7393534257869655326,281.97343509085886
7384646781092564254,723.6503585894984
7392043535823818015,445.9103240163588
7412501848449486111,287.14402015242683
7397202894119914794,381.4829895522098
7398375738509921566,623.0003607561431
7413191358166338859,450.04833771286746
7389410299939523883,7533.306890248541
7405405618565025054,3445.9147356425538
7395380884729466158,892.6454611125469
7422804191980293422,232.97558278837957
7422055727092665646,297.1839053478002
7418059234195148075,868.2417944104576
7392439337444445470,0.0
7426201928159202602,737.9066729048856
7384615726096665899,555.8997977327145
7402386216152321322,2158.700270352714
7426145850578963743,370.21321440474935
7425060092753595691,330.5784487112612
7401667201138265387,6583.892704897362
7424373934230965547,594.4489377889262
7401352705811156255,202.53073261198756
7410928844015815967,5377.436307766285
7418811668890733867,393.32496812498584
7390907657181236511,13529.313101240783
7415824544738315566,1197.9456837707355
7417652512456527150,1032.402027714767
7384200797862579498,441.6237176131317
7384651538918051103,7134.292511170151
7406147347962400042,158.35534997904048
7408407440187870494,1363.1477121496628
7389405534195174686,1906.765877740843
7433242045277293866,84.35306856596608
7414639409133292842,626.9034092085739
7428457010745658655,912.37883558926
7425861120734399790,0.0
7422827734713503022,572.5672809061051
7384991324551875883,198756.2000696507
7418021990528797995,1376.2798133766594
7422848513547062558,365.5326517966531
7395013590920580395,418.87681947256476
7421005258362572075,116.85565903784536
7395345176157310239,3066.7913715191194
7411293980782103851,1927.4891895567253
7409899772582104351,471.73165540992613
7411355950931643678,1360.6398742971523
7384210748752366891,5107.299126639553
7413199182321716522,519.6989946642021
7404661122374077727,13281.117518926832
7390548344591961374,907.1762737900574
7388002989950242091,802.2401093985593
7423168319676484895,36903.03347573283
7389834446398098718,1214.841314589396
7421387240770768159,462.7698435535915
7411701659039960350,391.8221583802117
7429479586175700270,814.9287368192255
7428354965422296350,337.3861852435879
7426165053751135534,709.4145410550435
7396449474270334238,10567.128417447977
7400590618671500575,77.17876514031381
7413226082117127467,12247.899549965729
7410916635885735199,381.4756661315548
7385700771943271710,334.88051566920456
7391674164958055711,344.707515843736
7434332219042204959,349.9633648749118
7393174771845909803,450.2710052046639
7394665196377165086,1452.4693474703179
7426176712678853931,952.668895526677
7384612071989595434,2581.1840501444944
7387917671133711647,154.7438748330479
7392410545397321002,3416.7628711956036
7388734732189617451,3288.6112286579305
7409097772030348574,906.722547511088
7402770216675036458,2948.8634954965196
7393484559339244843,348.86826953110733
7419844485183507758,82333.41222783031
7410234961267166510,5615.348405639915
7415052449582615854,3460.613428233733
7426193187389082910,475.2861266329826
7391275170121452830,2.908574086341126
7419080611928771883,769.2096567587378
7412103961454628142,620.6227740703323
7421302050690026782,2215.775142139781
7385391242013723934,301.4055466320639
7395704637589916959,9.427561275810262
7423612668637990186,418.0842585328402
7390583732639501611,865.7969024716956
7402818629135240491,17622.68122820514
7429521137488416030,710.8001980615921
7400974734609108270,386.5030596259015
7403155002837044526,347.727685250537
7417670279205309738,347.7879220348434
7403923427356183850,1217.1755985266493
7391678878466592031,1098.334942947722
7435056809792048426,6298.596669334342
7407261347248950558,226.4840199399218
7394214775208693023,337.43674543603777
7405796677854055723,343.2951382483112
7397225642485353774,268.6279299839599
7404236881422060830,9967.091861895387
7420199931266485550,912.467926211102
7398769156398632223,99.39426444218225
7410972324746317099,342.6407147395105
7409063994306186542,679.1836975044586
7392774738935909662,304.8820202844454
7409133026657029406,846.0579729097054
7386072526209715498,1456.1458667492502
7413515903180098858,1818.97024095595
7416936636124040479,84089.63645773477
7420240066334706974,628.1138319335038
7399828911334362410,5244.759455904319
7393855729213377838,514809.4732586553
7428414259564039430,5866.018868372341
7409429508723363079,261.6963681053386
7412435650852556074,415867.5887248263
7417967022186794282,1451.4916687717896
7412076007529762079,931.7116960871738
7399882537646034219,688.8985722119401
7410945072314813738,2546.1024019459023
7384978786787314974,108647.34364458798
7427278921097596206,9339.001392150527
7410571683066596638,13757.006305924735
7426158394865732894,309.1821739162716
7423565138298653998,27679.197699777986
7414307187301829918,22794.58945783034
7415640308932791595,767.2325531044316
7420625907574000926,479.43973283773266
7428774062236699947,81.55283473857077
7429172082665098527,580.0172661934357
7406112967122554155,910.858476025619
7399829452454153515,713.0503046047347
7403945581816581422,572.8042034608086
7419110357190348074,1143.8562205915896
7425100582362500398,509.24214528387336
7386115528089292075,23027.227180239704
7414328394302655787,269.9440914671758
7407952814707707167,34896.260484148625
7403215592431406366,342.5938492457693
7395728179446418734,163.62402049442605
7416128369642753310,0.0
7384649381527522602,418.98737453452463
7405386953018936606,457.2688427824613
7427246029818383658,651.8928176095371
7432895600074509611,2944.4510363774366
7406127541037157662,280.5275193077498
7389110637177097515,7837.755018934834
7434406819713355050,802.5648380693193
7393526113064045854,487.35363577277656
7384588991645011246,405.9050857633347
7393477524841450783,137174.2063615583
7428431341378669866,126.70977566182918
7409854443404987691,278.491648267997
7408009812694388010,1180.0151284158142
7408723859802836254,17471.287813740284
7402757397040745759,323.2484091784422
7411708779101834538,1112.5136026134612
7385711270911020319,1294.5139460861292
7407211210476768554,15288.710139833529
7421357977300487467,297.7984788919558
7417251342273531179,314.2256437484526
7389486969291558175,430.57688202886436
7387225453666258219,328.5248429595672
7434737756632304938,2451.8835542386646
7422863792670854420,265.5581810811083
7393877716673809710,399.4293793301689
7410935561197767978,1910.5509336672148
7389429298513431854,437.1883686395794
7386847224535338271,363.0844479825445
7434319962510003486,370.26492714945937
7435093289830763818,8178.075003588242
7434725332504038699,1264.8501198710374
7426190413448416558,320.7671949907507
7410591371179920671,18442.182948147372
7395797165081120018,310.12014355872043
7397858276051848479,114528.77723190475
7389085358765428010,621.6156934010345
7426508186829589791,1535.6761073549544
7386808668253211947,370.4907257057009
7429550850130955551,847.7744854709006
7408689199785774379,319.24057658969764
7410208537277697322,319.6379016916353
7426581966616661290,438.2839258207225
7433233843039128874,4664.5819255318365
7411004769935969579,393.43679873769054
7407953193964981546,675.8548138701422
7405004465163521322,347.0802862258728
7422820823485943083,390.17058894572574
7410615485181611295,1904.8760352691058
7390549844642811157,668.0457919954696
7405384879820606763,1037.3024248960387
7424276988698938666,3619.8785913551596
7395742778300321054,537648.0920902103
7423221084461239595,712.040222360701
7402756942117997867,181.27637383347448
7424290086474452270,482.4072967724412
7396106112946277674,474.9662712876185
7414293025767132458,9437.326056894097
7387172298576481567,29518.678923957883
7395377364697484575,14037.901595285131
7432808465459957034,3865.645512013961
7427261049834900778,1040.5921052961228
7399427337529429278,781.6883721950547
7435080724702760238,171952.0197481398
7408696909260541214,244.54921187517303
7412047249485679902,339.910843088403
7426572787097046314,282.0265463847983
7414652786136157471,880.0645647902597
7384658635915283754,155.18708473232743
7416886351141932331,267.8193627653368
7415422246107237662,46.94353617609865
7400901739760700715,1623.9113163621403
7409896220417740063,109374.68249773813
7425401813840481566,601.3101684385545
7390885698569522462,566.1916832141451
7407213087398432042,407.53630828049484
7428803584482970911,1361.7130564007139
7392037595783367967,222.46854708392252
7422831079054232863,440.54102181853386
7423946528668028202,1360.4060876797616
7435145331588730155,1090.6128434167645
7393884164115696927,282.1123161762531
7404665414262721834,109.36103842949043
7402047185044458795,1652.7790759140464
7434325592121642271,5834.312309534179
7393126972857044267,3016.4641754181066
7412104607666572574,1658767.4047112612
7407672624114896170,57507.672526743496
7408952916758809899,276.4639803390679
7409841014501903646,396.88480137589875
7405814088690945326,1385.0446756414203
7420629384215661854,127.47831697777335
7401216473135385886,2137.1662890168445
7428744023260581162,16665.777326518295
7386074694400691502,329.89643387845604
7387551562073115946,444.33094619743395
7393887504690171179,839.8969577243352
7392423264657919278,687.6076578365679
7429536359775259946,518.2291162790348
7413163210586492202,18.436031740557425
7418427343095647534,879.6320740738256
7427239519386193195,655.22079060639
7410540471920938283,2038.5654455447905
7394240374769749291,320.57621425511104
7435433515371580702,231.5567394702143
7397199518267165983,297.84678691943475
7391656205074189599,585.7173498047987
7425463730592320811,309.4767161770293
7424679155326815518,4598.18098009963
7390941776648965407,102.33024749983207
7384975315463884075,952.3914852319562
7425404345899814174,297.4509263434892
7401367601827319071,1758.2640570095846
7424271137091243307,122.16439535824529
7427336346739674414,302.80239769600996
7402451370042789151,7805.754568648502
7419083184610020638,743.9956984871558
7412050237235236139,9199.651013528694
7405366255747632414,21162.990008474593
7397236729285053738,316.7752758390201
7389401052308606238,300.74508420839345
7423587347909872938,949.7740070371224
7405005366590803243,253.2419265088815
7428021862732516650,479.9718794130747
7434684474476039454,1414.6880710523426
7427674700920196398,6777.599510672307
7427677617534307626,229.41187481855113
7414703870137584942,4906.476661825917
7413968568519363871,2754.390391615561
7420597085763947806,1457.3803490002958
7391707854668942622,2019.3105475880836
7387953457883335967,6028.5582244740135
7393111566373244202,532.6023324628105
7432862608870657326,354.034610087611
7398746412248272171,736.439389605716
7401269939644009758,457.5557138286696
7421325640093289759,377.88073811577567
7419884434129849646,0.0
7407986510944914730,284.6611125611604
7391662152756579627,756.5686246583748
7409440263162072363,559.1652996903712
7392400438450081054,47.97476601365055
7412433549002902827,201502.17474569698
7392010362306006314,343.0087860611636
7428760018683546922,858.3105289586729
7424299548216118574,942.3968030740438
7403879404184538411,220955.99822244275
7392366393653464350,25089.687530300027
7414285673793948971,783.5903633461617
7428403503611039022,123940.52153460808
7403179709447703854,604.9446034979519
7395702380962057502,378.11595831186366
7399047017093270826,259.74277008861975
7432830428601404702,310.36314901280207
7420197994655403294,1104011.1549176273
7418363876762209566,704.6690532303192
7418023249105210655,3196.984590045429
7414728859125337375,567.5158148484289
7415452173561171246,1711.265599552149
7415366432365579550,42517.760932615245
7410939575067020586,1187.4653466629004
7423567943436373278,545.8024337398527
7409100079493090590,916.1744078953216
7400186775148285226,1171.4036181397234
7405422242064043306,425.4002490973861
7390187715951611167,8561.865075199614
7388288757750877482,22378.254922495056
7389094506659941674,856.7048614409154
7394256712141737247,353.0664230878649
7385005337599839531,18526.717899278283
7398318778544688390,315.6082218394105
7407572572998602014,9200.881634098037
7429510727162957099,13604.05503918497
7403889289056095530,2804.610322537706
7411366665675345198,558.9916708433107
7424684955181026591,477.06598584136964
7402046111126457642,307.7245362616636
7433987334225268011,473.19099950532257
7425019681985072426,2213.1764233377967
7428748669303737630,264.5978542711591
7399109245708373279,759.8117955229585
7410641001276132639,533.9067500822733
7391994807121464619,1258.3273060293338
7434697327912242463,410.8467053840535
7396894001615342891,104.34890755957184
7390563466207202606,1804.8157817248925
7407231198910582022,444.7744330409778
7386444895021518126,309.0487778572185
7422797632474565931,2858.70196295002
7413896888467918126,416.1809478464801
7399116811528047914,394.3996106723665
7427326243256798495,185.1513821617757
7424668385394347307,76263.09432231821
7424734365705342251,405.1133515742298
7391297011175181598,351.60775179730865
7399882442162572575,3882.157233005758
7392753239709469982,109913.00952976733
7420240423731432734,280.7093292733799
7386479916658740523,43406.55955514466
7401671748116073759,213.50465491847766
7401349194927164702,581.5083011271621
7409808195377515822,12564.118600251413
7429513742691470622,410.9966746477472
7415841107038489902,438.11746644853736
7428449985798343982,16103.406610041284
7390884949538147614,514.4373616701668
7423565359329922335,3571.7359339324216
7396115594002697515,529.8474776109101
7398737483032169758,437.0254720125778
7415785975164521759,15201.72990985832
7391284620718804254,11874.49600546073
7407942572657626398,17589.98201394333
7428772005580786987,3175.348621671704
7400572994130578730,261.2677610628606
7403887805530754346,884.0663894114294
7403861678703660319,356638.0905832779
7432805940665109790,0.0
7397935923729763630,240370.21053605666
7387549450224291105,738977.0728737429
7422805796997680414,329.7521777279917
7402820144449326378,2892.4961275648984
7423905602075626795,653.5443039478737
7394233244494892318,415.3148708830738
7429114678594391326,528.6272813700662
7392023382474313006,271.6917100308775
7423566376339524906,379.7507655664615
7384975234455194923,387.8481498784562
7391313412590013738,873.5608182329646
7411314497425640734,370.7780545070748
7388300575768661290,420.0833055839894
7402459256424811819,666.9423615873161
7390955703168552235,2364.0919640285474
7403555594726100254,0.0
7394611721924594975,479.7233669403977
7393475101947268398,1037.6079983133736
7425077510485871902,711.6033991701858
7415439420721057055,355.4551598465648
7419108535394438431,3154.515150654438
7410545239913499946,718.9550261416074
7407601716838878507,126.78757530221611
7427277291480239391,291.0513131099218
7429494536948239662,511.97972317899814
7394276654580763946,500.3540384264678
7415784315440713002,251.28862742868117
7390573434113183006,2849.8492856141615
7418363740065778986,31.697887267447157
7397247490451344682,325.8705497311705
7419885917193653534,549.4000757579414
7385409578894118186,299.84962151117725
7418391420458781994,267.8487093875059
7418047720272694559,164.48375473357663
7426142121813560622,404.53576900167093
7401282422483979550,101.19279507440143
7428392245440662830,423.9773592044445
7398712692954926378,2637.9737923556095
7393184866998750494,917.3302238530251
7426645205954219306,2099.3506916450733
7392808241819913515,1458.6408260958287
7391713397437467946,996.0238880632717
7392743370382380334,119184.8378880021
7421354261365263647,655.1032289703747
7425397323137682730,319.15977704769625
7427309396188777770,367.1597967917421
7433201211123191083,4629835.881510967
7422043647048207646,1812654.282859715
7398333365394410783,50.74418869288476
7400926389282606382,652.5461325505863
7411698199473311019,49895.81510020765
7394637768917355822,1477.7236876028194
7423977308807040299,2660.6546257645023
7434737854028221739,892.9816697400092
7417285567152393503,284.7411822765995
7405371741486271775,825.1894812686818
7423565447615794475,689.077457207759
7384246234141314347,307.3553832373807
7415010112009555206,602.3770037356873
7404675602680122666,227.66539089702817
7414296285257141547,306.4138508497483
7390523524328213790,433.15134337444533
7434006204269055275,3535.5967751524854
7392404524104764703,212.27600061479998
7386432525863750954,1639.5618866554757
7394238013087255839,1579.8045805096522
7402033365307886894,376.712386573167
7433273614125763870,77.78103605932021
7419877697960070405,280.7333448149873
7403907021793283371,969.0150938581794
7406146974061268255,1284.2097669345899
7419107614576889130,563.3910975106824
7410549605781343530,373.57687187515944
7422871160758619422,89.26281245528068
7421681017888460075,287.0443072717969
7384628990734159150,1399.4637546302836
7402379869973220651,290.96842430376967
7406476381699312927,645.3747321024911
7403885303758540078,212.2763744831217
7412397724315684127,404.6156228767409
7425072780091067691,748.1251702339868
7416193458890755370,0.0
7392759647817501983,3688.1299471472894
7391618059313712414,244.5062390104287
7413523453179071790,965.2315293229216
7409141282305477918,1111.094869256567
7417962764951358762,613.8422330014342
7428365177038310686,927.8238662746627
7426173028536519967,842.4282572299245
7426534529239747883,279.1189993118538
7425804025683070251,0.0
7395001965681429791,7872.956129058345
7414304552649821482,973.3958800490137
7397633175498886442,329.8169889011757
7401309447311723819,1319.109143330213
7412420268628413739,2931.5487582892038
7425810821743234347,0.0
7419469291398991135,372.2295033832065
7419920115715575046,267.68802502313974
7395797472355929374,1715.5834398292352
7410546208587910443,5918.699912561821
7426537411099757854,265.9078359309394
7411309505944014126,4265.25175559294
7399511829287849258,845.6977748150628
7392456452159425834,200.81011158142638
7410928245186530606,9623.466622243735
7422806393071340846,6127.454379935723
7425473112986127646,764.9763986913788
7392789739352460574,346.7184036826959
7422117280181407007,651.4248004474983
7429556138179398942,1100.1185058098586
7414270354371169579,1138.3974710229875
7387972373737164074,340.9202875570643
7404303303523323178,41.77640389844312
7399794064985525535,161.92717309067584
7423575228766342443,912.354050318755
7391272165951212842,176.1143437587978
7405785138220551455,510.70789808028815
7420208140328881454,159.1782252001197
7421726215226117406,470.9126418705489
7388695922991009066,994.8095197697958
7407573631355669790,335.1242778149701
7414287083763813678,677.1638058784825
7394592740350397702,349.0673564535132
7389766090827582750,518.2342315192271
7395011225014340894,4898.410383516429
7394982302985522474,367.20982917009076
7385715521993461035,328.7117771204304
7403963843250048286,16883.564600827325
7426555081799028014,283.53514009243213
7399798481210150190,2360.1974925552627
7408313822072589611,1098.0534510487569
7415087716926229803,41987.21644378664
7434751498032041262,283.11214107477997
7429120050323377451,527.2296825694766
7399074442372042015,294.98347930693876
7390950304927190303,258.74902808947104
7413979982831111467,831.5000258726614
7385032194659519790,12616.04214323657
7399130711396994350,34861.74113390592
7426131866073369902,301.4605142303983
7410977040255520030,2284.432176008279
7403215844567993630,420.7782608173161
7415382715802914091,301.29015327417574
7424323460253355294,0.0
7401636916422233390,2522.274404490255
7424343569210625323,400.9302187271039
7410919058075323679,391.68554249700196
7417962335760862495,678.3558870633937
7414652824337894698,1147.313486050997
7435505012756811051,2081.3909745610576
7426509863552830750,649.9648536061974
7384650426488163630,859.1972696860046
7429130221267471662,262273.70933629037
7417220970450275630,269.10913354348963
7433993027749694751,4354.340980853179
7411321398553005355,13491.575607318786
7422070036170313006,232.9469708656404
7399439888107490603,407.3172434362174
7387946037543030047,1261.6298209508413
7395347777754107178,2561.7890045066893
7394995129813077279,887.5511101591431
7434688133653941534,1514.6731200421668
7395335796217171231,40593.48384528255
7393872571625655598,1821.5662107261574
7386820448887115039,1162.899223178894
7415773987801746731,615.4732575883064
7426127455632624926,16961.04964567749
7394593932732075294,430.6006116711668
7408399626933521695,181.2778912990156
7435450968231169323,470.6106222433566
7384958968801643819,189570.26564294897
7402440601930648862,432.2764124876293
7391684930637434142,310.34656685312075
7420628578267614507,367.0140410858178
7400175078136237343,63421.142015860394
7390174496969313579,288.8172038906372
7415091474326392094,791.8489158521153
7390949881034083614,1019.7546797552704
7418407990132264235,1846.993902761455
7402014563706703134,9.59206333736988
7409077490536451374,16662.611546396307
7397223601818193183,351.74716069680414
7420934047406345514,1139.4320746304754
7413973540946447647,940.7221018702922
7397216429583387950,1989.5951495368479
7434351818521546026,630.6271987968638
7405811640848977194,195.47924697110895
7425835742619897130,0.0
7419116935801081119,361.04515918834716
7413927073997229343,1545.4120506419779
7415806527010884907,1824.2709321934785
7433223089904962862,16332.108603508445
7399477175247736107,385.5844961067146
7389762134814510367,167.42115425053709
7425061552123809055,282.70263226400493
7428789083301760287,1820.499560322099
7392799139525905706,195.3648872491691
7412041596411055402,402.6649498298333
7420634230360771871,135818.77275912874
7400547092852231466,2019.284992588681
7422838420533185823,669.3740932030145
7394628134496111915,1250.2967520957384
7389759003435322655,297.3424165611716
7402811680847187230,992.3104918561869
7409089860654370091,489.92591093014926
7394296628699499806,3113.5500474288033
7421026940259241258,225.0131869327823
7420219389502590254,5186.466046250515
7391702047705419051,311.56316940148633
7411376323433663790,798.8174377550384
7387568878630554911,497.2671005358575
7414728041760361771,178.80567194329961
7411282557955902766,270181.57859352586
7406129827213970734,948.7022674672986
7412479882413739294,312.76247300082196
7389833470991895854,514.3638195720578
7417682275447508270,980.6145638436803
7415829781188496683,185.546209101773
7390575846794300714,2596.6809605576
7385734873874435358,32.12378926265619
7420532840263093546,59088.86459623935
7420253717339065646,281.4488408137547
7387619489321323819,328.6627124012673
7407987450754108702,10555.737579023214
7405771667294702891,604.8687082286414
7409839206001921310,6620.084970889065
7426877895395511595,1517.9919222690103
7396847273331805470,2943.3467482713686
7415098182683692318,17.536179547538012
7396132135070993695,15432.146190586827
7415062399251746090,695.3195839088627
7410603768137436446,1334.693714868637
7417236381262662958,866.4060879135674
7395021725181709610,3801.9113074260385
7389790968330849579,613.6597722232182
7396847794872585518,60810.82841678443
7404696080832711982,1996.564626061743
7409434203864960286,3728.420829753153
7412406045437332779,45.74630880370022
7384996826140675370,55472.82129753386
7384177529092951338,15125.448281159033
7402829820079377706,373.57834535619213
7434698104529636638,309.1223549847954
7414354779746520366,443.80398979408767
7426904506631195947,6403.187740227673
7433636212595821867,5483.4236098582705
7397946877745941806,2746.2658778169002
7421323513392500014,20975.7447151738
7413602348443979051,399.5391646632311
7428420588592565534,574.1496016049224
7418775394477690142,630.6777809815679
7405074231429434666,1931.4977128603912
7384244962147224863,223.81774093297562
7425098600004259103,270.4484707804795
7408029716524829982,51.47518923087675
7434306667946216750,280.7174883996952
7400568327317376286,2130.688933164612
7386105612838407454,124.24901427056145
7402764467605474603,210.83945840485583
7435144045095046431,793.5242149289037
7426892737326124330,851.7132493441833
7396900133901765931,313.19549153135745
7411662092454858027,62884.5231833203
7395048856699931934,2311.3229508221903
7415782991638646047,678.254533718738
7405775275440622879,546.8174992705535
7417594077740272927,399.4945733267152
7434746174243949867,729.6041757928289
7397989392343633194,6745.374022603589
7400575752732757278,899.5275053897071
7395727035122928938,6522.62381409733
7385040354476723502,250.65671095098728
7418359889262677291,15506.888854275407
7419476934427528490,23983.852651033092
7400546820079881515,356.7663950648356
7413904215707274539,485.9978352924171
7404998521616829742,554.6834900386945
7426577289946828078,2009.1634591084323
7403922131957927211,582.8724936935926
7407944191050829102,932.1242487840718
7403561005999197486,281.84931080804574
7389105842294918442,632.0664509269445
7422064119609560350,387.78352768051957
7421322222842858798,896.8525215322632
7399130715872333063,378.7372965152781
7409503720368688430,24819.108533741073
7395364013825150251,190.01573403838188
7413141517268749611,389.4290451629222
7397207203486256427,446.1513591226012
7396916759581723950,272.86131513197665
7387602190556286250,748.334184618086
7415374934987361566,363.3997199839904
7393109796469181738,347.6102246207522
7413586858757737770,742.8258514712602
7395030877329280287,5057.099133736943
7420974792897056030,311.63108148251524
7392010755287158046,758.4940945819473
7404310282740305194,1698.8578042628212
7390523393218465067,133896.57904610495
7384628081870245166,2184.624978378325
7404271436468292910,151.56713361341988
7397182928503016734,350.192832055435
7405423723009805599,412.3832773212272
7428453037666012447,972.9156132013749
7401715606006861099,312.05905074962084
7387194466446232874,299.9545506382301
7401653302292712747,3889.284187108076
7410067510256586014,7491.670984157581
7428046001941875998,352.98626132123593
7425790763197304107,0.0
7397249940738641183,14051.149234860753
7407267518143810846,350.38859814745365
7398711093570424094,194.19251112403836
7433935270132731178,0.0
7421361063314165035,696.6500273201075
7432884101369171242,688.5665290755655
7435062566386208042,112864.2920169497
7427984750708641054,638.4614457871259
7403553346818264351,533011.5112159064
7423624614137433375,529.8555398131679
7419826217752235307,381.48400119590383
7424366271946296606,305.0980852271084
7386823742179036447,338.954905774257
7411296399871986987,620.2660157223885
7424660409610767658,653.9808102917895
7427320815466630446,2152.252142206339
7390593407628102958,130.5780983448478
7384222971503643935,749.1443132867587
7391274577176857898,275.4802008310804
7398763861739851039,400.9830131744436
7419480557064572190,1475.4922084990003
7433639541220625695,2834.1572819138773
7405787979882450206,34.49878086246906
7393870462691921194,1332.5399653462691
7395712868814982431,171.02429433218057
7405396096056380702,201.41126576833523
7417253919266508062,253.55937166132205
7392809026574241067,562.3080099376816
7414345393607118110,1254.6710766460053
7399813193058536734,267.6635256519396
7391641386103180586,950.7901591433205
7384215709175303467,345.2404671774435
7420255519769726251,954.9253488762484
7407238514791714079,19353.40331333872
7403956966105632042,458.8258455238047
7397925631989910830,325.8378252568923
7426504778697428267,977.1569774555002
7422103375547780383,422.7972637980828
7405758071080865067,3201.94158633402
7424314072436346154,400.55958326674784
7434352135715753258,35058.73619466659
7427983673896471850,248.20427566902802
7417995856667856159,750.8993652323865
7421364191363157279,135.19852517486822
7433621400809721118,438.4407525855596
7422799659157949738,83811.20850544964
7394503051006070058,1474.4798480155685
7410608286975773994,338.92430151142446
7408705219636350238,367.5586483142615
7402475307711614239,477.0470725027411
7400953027705720095,13255.29747203905
7417667212971871531,436.9754176419749
7390583781482073390,136870.69117932545
7400991550794206510,274.1963679615668
7404670311439797512,31.068565875751133
7389030163775802670,407.2401166006706
7425412958114565419,5840.048548411479
7393125863388106026,413.63379192559876
7393488937379007787,1090.6412484541752
7394981392234351914,776.5817495637968
7392408974978633006,241.95636500506478
7391295919955643691,310.1186480854336
7415389048744742174,451.56117592556564
7386433041842867498,15706.599751546826
7402104921715182890,791.1221948486555
7420250489054399774,380.09786035976254
7405719824472771886,604.7771104898185
7413515026398448942,396.29485020142806
7408693604736093486,197.19243461974403
7410577958945213742,1021.9497527233159
7387977599709973790,600.7422934051469
7388339268659285279,1831.7188722011667
7429488993735216430,326.1922304336347
7406111082701540639,522.1393252513003
7410638715850132766,886.736859983891
7398303833174052127,439.42342352579556
7404676802074955038,588.1499391184116
7413152220520189227,11.981305917916785
7385685381670309151,27015.519825964257
7398680462928907562,977.0832504643168
7415070418379361579,853.3633591255447
7415379190825962794,1139.366119860072
7418426771290197291,1759.504684054598
7401366086882446622,44515.12818565448
7390132937213234478,565.9971706806169
7393863251278236958,259.40189910326274
7409156415337549086,369.85701890037467
7411687727206370565,18986.86948849348
7427650044528102702,12755.035904419023
7392028351105469738,1879.6695722740394
7409113777397845278,1441.9069263146962
7425801710494289183,0.0
7390971737870978335,1025.6851851691285
7389042384044133675,2391.513235998735
7408025601296157983,344.6467732375827
7428029867456793887,341.58441373214873
7395042696022199583,452.00323814545277
7426559630605585707,348.62331980361387
7422047759345290542,626.8247209229776
7387571071106452766,444.75503587275637
7412431829036272939,320.09193177999066
7419097685698907422,4256.566091517795
7435054873424448799,463.793253103682
7399497723420020014,304.21354372519863
7386832410144509226,3348.254953765753
7397607270172986654,445.88989321218924
7401283645484453150,0.0
7384986591766498606,345.34145560881814
7401326802653760811,412.5613266113859
7390182466851458346,15369.24402790782
7433964973220547883,6710.508844163277
7411312175005961514,19790.697269331184
7409155770203245855,216.15127285015186
7428024565424590110,146.49725108392167
7421334057016904990,5257.312413108708
7414653124926835998,582.0572497847276
7396469033534573855,39.421315288698636
7385714775470214442,1091.9763232760192
7396153835502243078,395.51542271964547
7399830816072715563,321.8680042384791
7426201561354751262,316.7662810070444
7435116170954542378,459.6726352802607
7389018811032227118,8397.038863497997
7393164226103184686,249.68287194190688
7422847051060235563,355.18227587404
7385739143155911967,853.8624114404597
7398715259399310623,205.6813380785626
7424286338498710814,149398.93033394954
7429548979001576734,564.4723906738777
7418706873316166954,15132.04001872546
7411011085492374826,323.18080498897245
7420569432470179102,392.90956539008005
7393495679752080682,279.3722531564016
7407591424826330411,33290.51350721842
7427331543414115626,39495.21684769564
7388735665803939118,318.1501566410012
7401705067717463338,343.7008073696386
7402465850764119342,1510.3966870976024
7404233930360081695,380.193526665616
7425405465346968863,422309.40183688584
7384268286478961963,859.364256872291
7394220417432489247,78718.52639450159
7418794472605060382,426.39062628163936
7387264972746771743,384.6888265241698
7400627157136985387,737.5341770579613
7398690626209877290,2719.0278632189484
7396508112410234143,12108.65031372105
7386822923509681450,15133.485595669716
7413887679235902750,713.4411639839319
7423543226662997278,662.4759685058468
7403501553912532270,45259.8110037178
7400200043073948971,945.9767193352317
7419462744371662126,1195.5087049613194
7394985085138685214,144.20129964577262
7389442116524576006,3282.6566637179567
7389426539928014122,940.8386608176539
7433243865911397663,285342.80417058134
7396091979941055790,1327.051469212749
7389810738694491423,2923.772394912047
7393182645661846827,1161.8802650191965
7403180293621878058,1400.6960376559075
7391642736333507870,524.7687892246835
7415075881254800671,290.39473027803456
7403205645500992810,2551.582374039826
7386821720834903342,323.47551015055024
7429117403713277215,709.4007958961565
7393885728083545374,554.3817432735934
7407673307933199646,8567.877087989782
7401263255882157354,325423.80161801283
7417646560625937707,479.558416078713
7387982409435761963,697.259586630301
7423197632501239082,1202.809520870454
7392405826482441502,22515.214444146743
7409098773156138282,45755.06006659959
7402400321349094687,265.2568652060511
7404985500823604522,6075.497606654443
7390141646425378078,339.82727252237
7409099055852440878,630.179181548951
7402811882513501470,553.2168705893245
7429139506273570079,1276.6543377433188
7404990186536389918,14341.191611864242
7429141481102871838,555.7577717549669
7403536376764976415,429.3096753035404
7432846600185171242,1347.5685507057772
7399093323484482846,1126.8766893230827
7397940252259781931,294.8800497353459
7435467370174663982,314.3180771929359
7395751963989789982,1613.6709147478368
7410872449270566175,361.3714582641974
7384955766727314719,452.68472924632977
7402452533760871710,505.16002286037633
7400985690684591402,7257.069005652549
7396915547872464170,25661.382996804754
7395781228487593246,238.12828814726728
7397558528992398623,624.1275208065991
7396084910055804206,190916.96066793974
7411284322440826154,454.9483960552851
7388684143795719466,725.0427191514108
7406527129829084447,1028.3912172166624
7402075471078346015,24465.95544559399
7415766063951924523,379.14061246540393
7394254935401041182,246.4698524578578
7433290902900051231,15.572293238017664
7433291301946215710,241.85227566584527
7390885619674778910,582.8752647176242
7387927824692284714,1379.9388137840194
7395797910517992747,453.62740523118157
7395707047188139294,744.7430172777783
7427621655494610222,863.340077693933
7409454663973522719,315.8492569456529
7422058982417763614,699.1910074997262
7400568243666210094,2751.9454206628225
7396880238975651102,243.61419814983012
7426553863844547871,556.9401193262995
7412415480448699679,270.4018072991994
7418010790654938398,13813.281561340647
7408398515107286303,1335.3572431706846
7392411611270565150,2013.9687308351652
7420236162209729838,1122.5740725587839
7407579149717507370,609893.7552713151
7404645857737329951,140.91130727195633
7402388655412907310,363.2296538821133
7427668420923018539,249.29357401275925
7393871185320234271,5215.338094291995
7405781010484333855,9955.173768130759
7420661047238888746,434.26739733652073
7397558101219560710,785.7579020119249
7425822115888139566,0.0
7395333920432180486,426.7153549523995
7404271536078605574,5299.8093428174725
7404628338523819294,15240.47950931174
7402378671798914334,834.7050051467069
7405385756845296927,318.25079319630834
7432898291513265450,672.0553929195924
7397193857647021354,6837.291636649492
7423256022145355013,295.9368875118495
7396889460236930334,369.36706242366563
7426212771651570990,2202.7097214275773
7386080345180884255,374.89954306562413
7393848827318390046,192.90032119792144
7425762074661326123,0.0
7399079724623957278,369.90276278915053
7422084993142361387,290.88485373773676
7391299849964244270,343032.1284571535
7397238971648019742,1465.1435658822975
7393132932124364078,103.82518401759583
7413891095492332846,852.8238581822529
7395726327942303006,357.9310828560301
7428439199319133471,19956.389210202313
7398675865569135915,447.32351532518976
7432846427950157099,27970.05812674384
7390519295307975967,325.834284503963
7421780641076792607,2185.0135155336156
7414318888621591851,5486.013478819018
7419883383829908782,640.9663236403572
7429098654780247327,575.2330540912043
7386471720183532830,703.0675113013143
7434768870398905642,1673.1027005017488
7406094288574090539,1002.6003540502293
7390157210262752554,2082.4252833142004
7390539514910887211,27121.325454126312
7397941061592567082,5961.312160696671
7390958580263816491,35856.79231118762
7400231177900002602,678645.2914741127
7408393297476980010,170702.50780500556
7400909681876553003,494.15448872953266
7398009986967751966,0.0
7386092848254340394,6136.098680662854
7415766593763937566,575.403889921979
7413206594357415211,1890.0784695851298
7410547298008091935,234.38672881756818
7405439946170846495,253.45524241976713
7409526103712222495,4008.9982121237695
7410202833171074324,1888.8066884709283
7414655896195763487,149.95509729697952
7434012629510704415,1576.055952711308
7404303508939296005,338.81010877247775
7414640331418766623,5741.1227783383765
7385753698322107694,319.05511590986714
7396450490755599646,1847.8032527461896
7394227114775711022,361.03957315577543
7408706357488127262,10628.513823210864
7402665178577243423,754820.5467226113
